Application Advisor CLI Version: 1.6.5
com.vmware.tanzu.spring.advisor.exceptions.ControlledException: The following properties are required to use the publish command: 'tanzu.platform.org-id', 'tanzu.platform.url'
	at com.vmware.tanzu.spring.advisor.platform.TanzuPlatformPublishService.validateRequiredProperties(TanzuPlatformPublishService.java:78)
	at com.vmware.tanzu.spring.advisor.platform.TanzuPlatformPublishService.publish(TanzuPlatformPublishService.java:45)
	at com.vmware.tanzu.spring.advisor.cli.buildconfig.BuildConfigurationPublishCommand.runCommand(BuildConfigurationPublishCommand.java:80)
	at com.vmware.tanzu.spring.advisor.cli.support.Command.run(Command.java:15)
	at picocli.CommandLine.executeUserObject(CommandLine.java:2045)
	at picocli.CommandLine.access$1500(CommandLine.java:148)
	at picocli.CommandLine$RunLast.executeUserObjectOfLastSubcommandWithSameParent(CommandLine.java:2469)
	at picocli.CommandLine$RunLast.handle(CommandLine.java:2461)
	at picocli.CommandLine$RunLast.handle(CommandLine.java:2423)
	at picocli.CommandLine$AbstractParseResultHandler.execute(CommandLine.java:2277)
	at picocli.CommandLine$RunLast.execute(CommandLine.java:2425)
	at picocli.CommandLine.execute(CommandLine.java:2174)
	at com.vmware.tanzu.spring.advisor.cli.support.CommandLineApplicationRunner.run(CommandLineApplicationRunner.java:28)
	at org.springframework.boot.SpringApplication.lambda$callRunner$5(SpringApplication.java:788)
	at org.springframework.util.function.ThrowingConsumer$1.acceptWithException(ThrowingConsumer.java:82)
	at org.springframework.util.function.ThrowingConsumer.accept(ThrowingConsumer.java:60)
	at org.springframework.util.function.ThrowingConsumer$1.accept(ThrowingConsumer.java:86)
	at org.springframework.boot.SpringApplication.callRunner(SpringApplication.java:796)
	at org.springframework.boot.SpringApplication.callRunner(SpringApplication.java:787)
	at org.springframework.boot.SpringApplication.lambda$callRunners$3(SpringApplication.java:772)
	at java.base@25.0.2/java.util.stream.ForEachOps$ForEachOp$OfRef.accept(ForEachOps.java:186)
	at java.base@25.0.2/java.util.stream.SortedOps$SizedRefSortingSink.end(SortedOps.java:357)
	at java.base@25.0.2/java.util.stream.AbstractPipeline.copyInto(AbstractPipeline.java:571)
	at java.base@25.0.2/java.util.stream.AbstractPipeline.wrapAndCopyInto(AbstractPipeline.java:560)
	at java.base@25.0.2/java.util.stream.ForEachOps$ForEachOp.evaluateSequential(ForEachOps.java:153)
	at java.base@25.0.2/java.util.stream.ForEachOps$ForEachOp$OfRef.evaluateSequential(ForEachOps.java:176)
	at java.base@25.0.2/java.util.stream.AbstractPipeline.evaluate(AbstractPipeline.java:265)
	at java.base@25.0.2/java.util.stream.ReferencePipeline.forEach(ReferencePipeline.java:632)
	at org.springframework.boot.SpringApplication.callRunners(SpringApplication.java:772)
	at org.springframework.boot.SpringApplication.run(SpringApplication.java:325)
	at org.springframework.boot.SpringApplication.run(SpringApplication.java:1361)
	at org.springframework.boot.SpringApplication.run(SpringApplication.java:1350)
	at com.vmware.tanzu.spring.advisor.cli.CommandLineApplication.main(CommandLineApplication.java:44)
	at java.base@25.0.2/java.lang.invoke.LambdaForm$DMH/sa346b79c.invokeStaticInit(LambdaForm$DMH)


^========= [ build-config.json ] =========
{
  "submodules" : [ "org.springframework.samples:spring-petclinic" ],
  "dependencyManagementArtifacts" : [ ],
  "sbom" : {
  "bomFormat" : "CycloneDX",
  "specVersion" : "1.5",
  "serialNumber" : "urn:uuid:e21ca75d-9da0-3fa1-aac8-c3b4afa68262",
  "version" : 1,
  "metadata" : {
    "timestamp" : "2026-08-11T09:51:40Z",
    "lifecycles" : [
      {
        "phase" : "build"
      }
    ],
    "tools" : {
      "components" : [
        {
          "type" : "library",
          "author" : "OWASP Foundation",
          "group" : "org.cyclonedx",
          "name" : "cyclonedx-maven-plugin",
          "version" : "2.9.2",
          "description" : "CycloneDX Maven plugin",
          "hashes" : [
            {
              "alg" : "MD5",
              "content" : "843a7130400f75d33f563dc7e9f52dea"
            },
            {
              "alg" : "SHA-1",
              "content" : "2cac5a176b9f48801dfc4910d4f6a34bfbb13445"
            },
            {
              "alg" : "SHA-256",
              "content" : "d9e5a12bac3c1a91d85f3a1ad84307099f457ff24aa65b438ba7de9ca784a54e"
            },
            {
              "alg" : "SHA-512",
              "content" : "636f788518752c5a23d14bad41d68b0d549e4b3a3d720d66f2f6e2b8b956207942ee12abba968a1e9aac6cf1d78d9e738a4a75eeb8bc6fca2377030fbb482407"
            },
            {
              "alg" : "SHA-384",
              "content" : "72aad41633b92fadd4dbd1c6f5c1b956836b22d3b96afbdd7ca8b8eb0456eec00c2ed658e3c2d4e93d95048bcc23dac8"
            },
            {
              "alg" : "SHA3-384",
              "content" : "9837cee0f9b7d575f8d88df3ad6f58a075032ad2635e0987abbc102240327f1cec87dc062b3034009f028ab5baf988f9"
            },
            {
              "alg" : "SHA3-256",
              "content" : "4c654267cde6eb6d295dbc06b33e33528412bee57549dae89c85b8df8202dbcb"
            },
            {
              "alg" : "SHA3-512",
              "content" : "f7da73632ef2fd1c2d85f0cf5eebc2b6a3ff1ae2ed0945442e679da71490562a2ff6b67422dbd5285f4042eda6637e6f3544f62825a625b38efacfdebc8df137"
            }
          ]
        }
      ]
    },
    "component" : {
      "type" : "library",
      "bom-ref" : "pkg:maven/org.springframework.samples/spring-petclinic@2.7.3?type=jar",
      "group" : "org.springframework.samples",
      "name" : "spring-petclinic",
      "version" : "2.7.3",
      "description" : "Parent pom providing dependency and plugin management for applications built with Maven",
      "licenses" : [
        {
          "license" : {
            "id" : "Apache-2.0"
          }
        }
      ],
      "purl" : "pkg:maven/org.springframework.samples/spring-petclinic@2.7.3?type=jar",
      "externalReferences" : [
        {
          "type" : "website",
          "url" : "https://spring.io/projects/spring-boot/spring-petclinic"
        }
      ]
    },
    "properties" : [
      {
        "name" : "maven.goal",
        "value" : "makeAggregateBom"
      },
      {
        "name" : "maven.scopes",
        "value" : "compile,provided,runtime,system,test"
      }
    ]
  },
  "components" : [
    {
      "type" : "library",
      "bom-ref" : "pkg:maven/jakarta.xml.bind/jakarta.xml.bind-api@4.0.4?type=jar",
      "publisher" : "Eclipse Foundation",
      "group" : "jakarta.xml.bind",
      "name" : "jakarta.xml.bind-api",
      "version" : "4.0.4",
      "description" : "Jakarta XML Binding API",
      "scope" : "required",
      "hashes" : [
        {
          "alg" : "MD5",
          "content" : "6dd465a232e545193ab8ab77cc4fbdb9"
        },
        {
          "alg" : "SHA-1",
          "content" : "d6d2327f3817d9a33a3b6b8f2e15a96bc2e7afdc"
        },
        {
          "alg" : "SHA-256",
          "content" : "c507ca69a8c6dd11bf4afeec9e0d412c4fa3933fffb0a84680ea5727e8472124"
        },
        {
          "alg" : "SHA-512",
          "content" : "18b9b21b51b46068c3e3e4a74241d0649e56512aa471f2c9076583e366096739e8566682527eb25a735a10337f0c5b54797f995dfb254b7ed631548fe8a095f1"
        },
        {
          "alg" : "SHA-384",
          "content" : "63bd1b70b429b5defe2331625a570943637808394efc7e8a27051422ee0494d74a79b4295c620f532e366f4b473fdd51"
        },
        {
          "alg" : "SHA3-384",
          "content" : "15d5318671cf9676f294b1f68092d3ead4817a83c3c915d270f039671df602d1c038c8e8ce9dec2096a2a19e75265c2e"
        },
        {
          "alg" : "SHA3-256",
          "content" : "d860ce7928b8ad4be47a636d0c03982431c2f8029b4a135c564ad53b8cf80f86"
        },
        {
          "alg" : "SHA3-512",
          "content" : "ccb6c58aa4f9617721fd7b21ae73a62ca95a203a06414814db9d103b4a140b70564872e6898542841c920cd27da3c29b18dfe1bc57042439d7755e599d7b0a4d"
        }
      ],
      "licenses" : [
        {
          "license" : {
            "id" : "BSD-3-Clause"
          }
        }
      ],
      "purl" : "pkg:maven/jakarta.xml.bind/jakarta.xml.bind-api@4.0.4?type=jar",
      "externalReferences" : [
        {
          "type" : "website",
          "url" : "https://github.com/jakartaee/jaxb-api/jakarta.xml.bind-api"
        },
        {
          "type" : "distribution-intake",
          "url" : "https://jakarta.oss.sonatype.org/service/local/staging/deploy/maven2/"
        },
        {
          "type" : "issue-tracker",
          "url" : "https://github.com/jakartaee/jaxb-api/issues"
        },
        {
          "type" : "mailing-list",
          "url" : "https://dev.eclipse.org/mhonarc/lists/jaxb-dev"
        },
        {
          "type" : "vcs",
          "url" : "https://github.com/jakartaee/jaxb-api.git/jakarta.xml.bind-api"
        }
      ]
    },
    {
      "type" : "library",
      "bom-ref" : "pkg:maven/jakarta.activation/jakarta.activation-api@2.1.4?type=jar",
      "publisher" : "Eclipse Foundation",
      "group" : "jakarta.activation",
      "name" : "jakarta.activation-api",
      "version" : "2.1.4",
      "description" : "Jakarta Activation API 2.1 Specification",
      "scope" : "required",
      "hashes" : [
        {
          "alg" : "MD5",
          "content" : "bc1602eee7bc61a0b86f14bbbb0cc794"
        },
        {
          "alg" : "SHA-1",
          "content" : "9e5c2a0d75dde71a0bedc4dbdbe47b78a5dc50f8"
        },
        {
          "alg" : "SHA-256",
          "content" : "c9db52100ce6c8aac95cc39075f95720d2e561b11f8051b81c121ad4effd7004"
        },
        {
          "alg" : "SHA-512",
          "content" : "cd078772acb5ebf1f90f7c737f372b7e86a5ce31b995ed759526a9eee73fd89f97e506f9a208ba3b73e757cb78830b829733411cf7989680aea2272abba7323b"
        },
        {
          "alg" : "SHA-384",
          "content" : "0b9a413939a024f562c15e60b11f85c336620987441fb053645499704960464d01ae83e9989b43ae6cd4f2164eb0cebe"
        },
        {
          "alg" : "SHA3-384",
          "content" : "d2fa51a3e18ced20f097ae019982cbd945942103df59327f319c64eeef1c109d6262d1de332fa2b6dfde41c98a9e7b2c"
        },
        {
          "alg" : "SHA3-256",
          "content" : "b259d17f48ae1f357a28b9c33b66fbcae50eaa86d61ac3c8cbc5184e7914d2d5"
        },
        {
          "alg" : "SHA3-512",
          "content" : "aae6a55fe1fa397b13b1bcb5a05ccc3e4e87049865233482dc09a8ab2af3eb128646394e3ef529609031e7c6c2215c91ffd27de06cd97ca9ae7e07bd4b9595bd"
        }
      ],
      "licenses" : [
        {
          "license" : {
            "id" : "BSD-3-Clause"
          }
        }
      ],
      "purl" : "pkg:maven/jakarta.activation/jakarta.activation-api@2.1.4?type=jar",
      "externalReferences" : [
        {
          "type" : "website",
          "url" : "https://github.com/jakartaee/jaf-api"
        },
        {
          "type" : "distribution-intake",
          "url" : "https://jakarta.oss.sonatype.org/service/local/staging/deploy/maven2/"
        },
        {
          "type" : "issue-tracker",
          "url" : "https://github.com/jakartaee/jaf-api/issues/"
        },
        {
          "type" : "mailing-list",
          "url" : "https://dev.eclipse.org/mhonarc/lists/jakarta.ee-community/"
        },
        {
          "type" : "vcs",
          "url" : "https://github.com/jakartaee/jaf-api"
        }
      ]
    },
    {
      "type" : "library",
      "bom-ref" : "pkg:maven/org.springframework.boot/spring-boot-starter-actuator@3.3.16?type=jar",
      "publisher" : "VMware, Inc.",
      "group" : "org.springframework.boot",
      "name" : "spring-boot-starter-actuator",
      "version" : "3.3.16",
      "description" : "Starter for using Spring Boot's Actuator which provides production ready features to help you monitor and manage your application",
      "scope" : "required",
      "hashes" : [
        {
          "alg" : "MD5",
          "content" : "38c6e8c6aa8956dcacad88ac1c8b35f5"
        },
        {
          "alg" : "SHA-1",
          "content" : "4fc85438518c062013b769fd86e8e3f1191b9677"
        },
        {
          "alg" : "SHA-256",
          "content" : "9bc9f947c53010c5c9afdcd9749d2feb9b1c11b24d122d344186c84f2289f0d5"
        },
        {
          "alg" : "SHA-512",
          "content" : "856d357e09fb9520eedf51e4c58538aa31473f81c52bc8230268a4df0ff72ac44cc43d0c44d4025b363280105891fc8628c2a2dabc1ac102e7999e37c3b50457"
        },
        {
          "alg" : "SHA-384",
          "content" : "8284f8d4066212b72f27ba36750992d84049a10aa8f8d58636d5e196c47ccfc5dc863d2cb520d9da7a14b964f5d0ef4a"
        },
        {
          "alg" : "SHA3-384",
          "content" : "57b5c5a78b5bf0449a1e583d22d57f85864754a5af13869a422e403b1a9fd38b0542a4380176e43710d00a2a1260bfcb"
        },
        {
          "alg" : "SHA3-256",
          "content" : "52e66ceb9a9d0b73d23c58535cf78579de20655b5022d525d440781c1b5bc534"
        },
        {
          "alg" : "SHA3-512",
          "content" : "d515f9674960a78541b05558e2184a3bb8c9708ebd8bc9b944c9da867e43bf03e7f4aa58478993af66eb9a08099f8d6fdfa7d2de4508441a9ff737d714ab290e"
        }
      ],
      "licenses" : [
        {
          "license" : {
            "name" : "Broadcom Foundation License"
          }
        }
      ],
      "purl" : "pkg:maven/org.springframework.boot/spring-boot-starter-actuator@3.3.16?type=jar",
      "externalReferences" : [
        {
          "type" : "website",
          "url" : "https://spring.io/projects/spring-boot"
        }
      ]
    },
    {
      "type" : "library",
      "bom-ref" : "pkg:maven/org.springframework.boot/spring-boot-starter@3.3.16?type=jar",
      "publisher" : "VMware, Inc.",
      "group" : "org.springframework.boot",
      "name" : "spring-boot-starter",
      "version" : "3.3.16",
      "description" : "Core starter, including auto-configuration support, logging and YAML",
      "scope" : "required",
      "hashes" : [
        {
          "alg" : "MD5",
          "content" : "9145aef594f4cd538a7e1d06b1593a76"
        },
        {
          "alg" : "SHA-1",
          "content" : "a61d4682d8d4469003e6e808ae84a550a0c19475"
        },
        {
          "alg" : "SHA-256",
          "content" : "a27c3bb414e724e4cb7982fb6abd2795401b55fd407cf74bfb473ba561c595e0"
        },
        {
          "alg" : "SHA-512",
          "content" : "25faa72a19a2194607c25d4ed3e0d9760e72cd95935a96395cb1a3c7182aaa670d6b66b9c90c3ce1fcff16bda23f0f9c4b6e25cc6a74fc7f40788b50ebe1b9b6"
        },
        {
          "alg" : "SHA-384",
          "content" : "2e44725c0d0a3535398eacad1b84d658e6dd7e7834028d4ce468ad0aa3cdeae41bec097aa6cfa328842396d013841d6a"
        },
        {
          "alg" : "SHA3-384",
          "content" : "7f93d7eb5d8f45f57b1a5de174f4a1a23332402b20ce0a98b3a2e0e1fe2e3affd122195eb6a6b2e8b8c138efd287db3b"
        },
        {
          "alg" : "SHA3-256",
          "content" : "bda95a3b7f284ac4dbc15f2df5b47ee7cb35bb5f65127abea8b5233a3037e2eb"
        },
        {
          "alg" : "SHA3-512",
          "content" : "40ad6ea85a740acce33940f23932c4a9a2079638d359d812fa3165f5d4b184829672b3cd8574450a225ade4dc2e353e763c77e249eba4a0c6ad7c4b2361b1dc0"
        }
      ],
      "licenses" : [
        {
          "license" : {
            "name" : "Broadcom Foundation License"
          }
        }
      ],
      "purl" : "pkg:maven/org.springframework.boot/spring-boot-starter@3.3.16?type=jar",
      "externalReferences" : [
        {
          "type" : "website",
          "url" : "https://spring.io/projects/spring-boot"
        }
      ]
    },
    {
      "type" : "library",
      "bom-ref" : "pkg:maven/org.springframework.boot/spring-boot-starter-logging@3.3.16?type=jar",
      "publisher" : "VMware, Inc.",
      "group" : "org.springframework.boot",
      "name" : "spring-boot-starter-logging",
      "version" : "3.3.16",
      "description" : "Starter for logging using Logback. Default logging starter",
      "scope" : "required",
      "hashes" : [
        {
          "alg" : "MD5",
          "content" : "130a2b989b2526ee81c0fd96d8593c0f"
        },
        {
          "alg" : "SHA-1",
          "content" : "8deb5b2a8317e08955ccf359436036dd84f8c309"
        },
        {
          "alg" : "SHA-256",
          "content" : "edbcd365498a505e88afad3b66c75529b04a87a20b4dd4358528741d60156d85"
        },
        {
          "alg" : "SHA-512",
          "content" : "cec6d8dd732a87847917c05094ef4ada3d611ecac5c8f2718656c26a415450cf939ba823451e168417ece5de2aa8fa9b6221ae013bffb568c20f59ee252c090b"
        },
        {
          "alg" : "SHA-384",
          "content" : "6b92f22e7d00e20eb86f396191f9560b318b18a1acd8098134d732d22a7267d4972d748f97b7004f734fa5a8a961882e"
        },
        {
          "alg" : "SHA3-384",
          "content" : "0ae67c965054962a655adbefad08e32eba54b5722832fec6c9be632555cc2014eefa41c76ecee345a2eeb79ba11f8a48"
        },
        {
          "alg" : "SHA3-256",
          "content" : "723bc23dee8659e5fed7c188bcda65dcd19081e05b3de3e868c7779c3ef396ee"
        },
        {
          "alg" : "SHA3-512",
          "content" : "990eb252ee39098144a34c4d98acb7fc8e207fe2a8d7613223eedc3266020acc4395299876697cb73b77c25f5f1dfba7e93cf55a1271dccb2290f364e01813aa"
        }
      ],
      "licenses" : [
        {
          "license" : {
            "name" : "Broadcom Foundation License"
          }
        }
      ],
      "purl" : "pkg:maven/org.springframework.boot/spring-boot-starter-logging@3.3.16?type=jar",
      "externalReferences" : [
        {
          "type" : "website",
          "url" : "https://spring.io/projects/spring-boot"
        }
      ]
    },
    {
      "type" : "library",
      "bom-ref" : "pkg:maven/ch.qos.logback/logback-classic@1.5.21?type=jar",
      "publisher" : "QOS.ch",
      "group" : "ch.qos.logback",
      "name" : "logback-classic",
      "version" : "1.5.21",
      "description" : "logback-classic module",
      "scope" : "required",
      "hashes" : [
        {
          "alg" : "MD5",
          "content" : "e4aa08ccbae42f0a94ef6d706d0d5cf8"
        },
        {
          "alg" : "SHA-1",
          "content" : "904915aa29a0bbff111ae90ed85541b2991a72fc"
        },
        {
          "alg" : "SHA-256",
          "content" : "b2523f7b0dabf4386c81312f0371d267e3a9fbce409046f16b042bf68571ba4a"
        },
        {
          "alg" : "SHA-512",
          "content" : "a37432f096f97b5b7610d2887345daddf03cb5fa4518532aa2849bbd6745da1921b87ce4d7b26df8667fdc412ed48ef78ab658d4e44e3c99b17e135e08ef863e"
        },
        {
          "alg" : "SHA-384",
          "content" : "703c7867632bc76018b0784ec61d92a98073fbb3787e957ae8367d969303e3e269fa5f6a77a6ae1defc32dfc0a29abf0"
        },
        {
          "alg" : "SHA3-384",
          "content" : "0e23783135a7413f125970ad890ea83bd00e6ab5214ca8dc57ef66522c76047141a465d62bd845cf1944942fbcc61cd2"
        },
        {
          "alg" : "SHA3-256",
          "content" : "cbe7e7cba6710228c74753356425d9128a848cdb4b67998e39a2a7328611e309"
        },
        {
          "alg" : "SHA3-512",
          "content" : "698adf9862d8aa8e59b8db1f258623313554334b795aa46c9578c7fae054b7f7d8756b01b4ef3eb2e3b57a7b271b5fa3e0f1f4ad2764b6760701419783203468"
        }
      ],
      "licenses" : [
        {
          "license" : {
            "id" : "EPL-1.0"
          }
        },
        {
          "license" : {
            "name" : "GNU Lesser General Public License",
            "url" : "http://www.gnu.org/licenses/old-licenses/lgpl-2.1.html"
          }
        }
      ],
      "purl" : "pkg:maven/ch.qos.logback/logback-classic@1.5.21?type=jar",
      "externalReferences" : [
        {
          "type" : "website",
          "url" : "http://logback.qos.ch/logback-classic"
        },
        {
          "type" : "distribution-intake",
          "url" : "https://oss.sonatype.org/service/local/staging/deploy/maven2/"
        },
        {
          "type" : "vcs",
          "url" : "https://github.com/qos-ch/logback/logback-classic"
        }
      ]
    },
    {
      "type" : "library",
      "bom-ref" : "pkg:maven/ch.qos.logback/logback-core@1.5.21?type=jar",
      "publisher" : "QOS.ch",
      "group" : "ch.qos.logback",
      "name" : "logback-core",
      "version" : "1.5.21",
      "description" : "logback-core module",
      "scope" : "required",
      "hashes" : [
        {
          "alg" : "MD5",
          "content" : "00c20552b89470eff9f01f21c77d44d7"
        },
        {
          "alg" : "SHA-1",
          "content" : "970bf47cbc34d24e47f375b6b4e407d6d699474f"
        },
        {
          "alg" : "SHA-256",
          "content" : "0825ac1fc5296369121e5423e397c52d125b0e3fae743cfc0d8e416159f14f44"
        },
        {
          "alg" : "SHA-512",
          "content" : "fdfe6da279fe10fa19bdfc401c5eba4f6a0db7cc4aec9148def5d59a5ffaec0bdd38e0e0c187aa124490129bef0c062719900483e6e7c7f6ff0333c521ed7e1d"
        },
        {
          "alg" : "SHA-384",
          "content" : "789a53e1890f492b15f318b59583bac246afcaaeca744118c70d5ff5fa2d45cf6b0c3d41afdf56c72b9f5ea0c198f5ab"
        },
        {
          "alg" : "SHA3-384",
          "content" : "636c33723cbe6b611bcab962e826ba9c2179c6298218a510f503d0ccf7b5df3aeea60101d57c04b1a5490e8dcb2333e8"
        },
        {
          "alg" : "SHA3-256",
          "content" : "7ff9859883b6680b051650aaa1a58558c34a7eaa930f119d8d576b0099b1061a"
        },
        {
          "alg" : "SHA3-512",
          "content" : "39b1beed6bb2e899c2b8338cdac6d160da624a1dd0961ea5b5c81051af8bf58345ac40111c627f7e7be777de9557bc9ba0797988843e0b364b1e87a5bd35d1f7"
        }
      ],
      "licenses" : [
        {
          "license" : {
            "id" : "EPL-1.0"
          }
        },
        {
          "license" : {
            "name" : "GNU Lesser General Public License",
            "url" : "http://www.gnu.org/licenses/old-licenses/lgpl-2.1.html"
          }
        }
      ],
      "purl" : "pkg:maven/ch.qos.logback/logback-core@1.5.21?type=jar",
      "externalReferences" : [
        {
          "type" : "website",
          "url" : "http://logback.qos.ch/logback-core"
        },
        {
          "type" : "distribution-intake",
          "url" : "https://oss.sonatype.org/service/local/staging/deploy/maven2/"
        },
        {
          "type" : "vcs",
          "url" : "https://github.com/qos-ch/logback/logback-core"
        }
      ]
    },
    {
      "type" : "library",
      "bom-ref" : "pkg:maven/org.apache.logging.log4j/log4j-to-slf4j@2.23.1?type=jar",
      "publisher" : "The Apache Software Foundation",
      "group" : "org.apache.logging.log4j",
      "name" : "log4j-to-slf4j",
      "version" : "2.23.1",
      "description" : "The Apache Log4j binding between Log4j 2 API and SLF4J.",
      "scope" : "required",
      "hashes" : [
        {
          "alg" : "MD5",
          "content" : "d60143628bb91f9dfa0148c213388b39"
        },
        {
          "alg" : "SHA-1",
          "content" : "425ad1eb8a39904d2830e907a324e956fb456520"
        },
        {
          "alg" : "SHA-256",
          "content" : "7937a84055156910234e3b42868f55e68ff4b7becbb6ffd10146f72f5bf54dd5"
        },
        {
          "alg" : "SHA-512",
          "content" : "86c4dce96d5a929b3adbf2283f7188660831b02f9b04eee55010d132cb50f5677b7bf30c478b432fa2053eb11dbf6744351ce60271bb5e0da3a3f555ed50ad0c"
        },
        {
          "alg" : "SHA-384",
          "content" : "3d1423da6781764d19ea13c447da9ec5b9bccec4603dbd710b8e4f26fc53d3051a4d3082973a6b20b5edc024f2d4b4b4"
        },
        {
          "alg" : "SHA3-384",
          "content" : "9c05c76f928c4ce7b1ced6a8642257a9036c7fa66fa9655964bc7e37d98a2443da550b0b62be7d3caa357ca714b6ad3b"
        },
        {
          "alg" : "SHA3-256",
          "content" : "71f4969e9e3580f190e3194adc07afec56b676a4de3294600e09570497d8c573"
        },
        {
          "alg" : "SHA3-512",
          "content" : "483c0ea25d108c651dd80d0b694e13084ea78d64831dbd4435117c2d612f2c25d6fe5ee2e6cd5acafed65aab475890529e3b0201adf9d7e366d4449737dd6d3b"
        }
      ],
      "licenses" : [
        {
          "license" : {
            "id" : "Apache-2.0",
            "url" : "https://www.apache.org/licenses/LICENSE-2.0"
          }
        }
      ],
      "purl" : "pkg:maven/org.apache.logging.log4j/log4j-to-slf4j@2.23.1?type=jar",
      "externalReferences" : [
        {
          "type" : "website",
          "url" : "https://logging.apache.org/log4j/2.x/log4j/log4j-to-slf4j/"
        },
        {
          "type" : "build-system",
          "url" : "https://github.com/apache/logging-log4j2/actions"
        },
        {
          "type" : "distribution",
          "url" : "https://logging.apache.org/logging-parent/latest/#distribution"
        },
        {
          "type" : "distribution-intake",
          "url" : "https://repository.apache.org/service/local/staging/deploy/maven2"
        },
        {
          "type" : "issue-tracker",
          "url" : "https://github.com/apache/logging-log4j2/issues"
        },
        {
          "type" : "mailing-list",
          "url" : "https://lists.apache.org/list.html?log4j-user@logging.apache.org"
        },
        {
          "type" : "vcs",
          "url" : "https://github.com/apache/logging-log4j2"
        }
      ]
    },
    {
      "type" : "library",
      "bom-ref" : "pkg:maven/org.apache.logging.log4j/log4j-api@2.23.1?type=jar",
      "publisher" : "The Apache Software Foundation",
      "group" : "org.apache.logging.log4j",
      "name" : "log4j-api",
      "version" : "2.23.1",
      "description" : "The Apache Log4j API",
      "scope" : "required",
      "hashes" : [
        {
          "alg" : "MD5",
          "content" : "bee2e2dcbeeb983bdb6b71c9c3476b6a"
        },
        {
          "alg" : "SHA-1",
          "content" : "9c15c29c526d9c6783049c0a77722693c66706e1"
        },
        {
          "alg" : "SHA-256",
          "content" : "92ec1fd36ab3bc09de6198d2d7c0914685c0f7127ea931acc32fd2ecdd82ea89"
        },
        {
          "alg" : "SHA-512",
          "content" : "2a296246b0059ff5fe5c26e2ba3f48aa99e38d7658d613fbd02f32c6d4262f93a67525e6cc4d767fa5c2ab0e39e70bb3c0d3966d38ea4f01608588c084af3162"
        },
        {
          "alg" : "SHA-384",
          "content" : "3937cb646009763a94b199a0d6c0065441b9914e2b25e3d58db523874ea760276b445ff300015948d3a813217e0ee404"
        },
        {
          "alg" : "SHA3-384",
          "content" : "16ea3301ca37fbede2927399209b403066621789c4f1bee531b5153f27b652458900697fb828170d541a5f3b82e77fb7"
        },
        {
          "alg" : "SHA3-256",
          "content" : "0a3dfffc0f362b0a86ad0cd8b36da313c7500a8bdecb0ad7e628c2637d933548"
        },
        {
          "alg" : "SHA3-512",
          "content" : "2e230994b8cb7442a2073d60f89c27703ffc78b613dec7891bbfa42e91c95ed684b387ed65df3ee48559ccc06e6877462748f7e2ef985082c8db0741feb576a8"
        }
      ],
      "licenses" : [
        {
          "license" : {
            "id" : "Apache-2.0",
            "url" : "https://www.apache.org/licenses/LICENSE-2.0"
          }
        }
      ],
      "purl" : "pkg:maven/org.apache.logging.log4j/log4j-api@2.23.1?type=jar",
      "externalReferences" : [
        {
          "type" : "website",
          "url" : "https://logging.apache.org/log4j/2.x/log4j/log4j-api/"
        },
        {
          "type" : "build-system",
          "url" : "https://github.com/apache/logging-log4j2/actions"
        },
        {
          "type" : "distribution",
          "url" : "https://logging.apache.org/logging-parent/latest/#distribution"
        },
        {
          "type" : "distribution-intake",
          "url" : "https://repository.apache.org/service/local/staging/deploy/maven2"
        },
        {
          "type" : "issue-tracker",
          "url" : "https://github.com/apache/logging-log4j2/issues"
        },
        {
          "type" : "mailing-list",
          "url" : "https://lists.apache.org/list.html?log4j-user@logging.apache.org"
        },
        {
          "type" : "vcs",
          "url" : "https://github.com/apache/logging-log4j2"
        }
      ]
    },
    {
      "type" : "library",
      "bom-ref" : "pkg:maven/org.slf4j/jul-to-slf4j@2.0.17?type=jar",
      "publisher" : "QOS.ch",
      "group" : "org.slf4j",
      "name" : "jul-to-slf4j",
      "version" : "2.0.17",
      "description" : "JUL to SLF4J bridge",
      "scope" : "required",
      "hashes" : [
        {
          "alg" : "MD5",
          "content" : "a42936c56611e4794c42908fb3d3a647"
        },
        {
          "alg" : "SHA-1",
          "content" : "524cb6ccc2b68a57604750e1ab8b13b5a786a6aa"
        },
        {
          "alg" : "SHA-256",
          "content" : "a7afcd23b9cfd1475e55c94f943b808c5922035e7e2c2a5c65a487a4106bc538"
        },
        {
          "alg" : "SHA-512",
          "content" : "623426fb3a0a34c88b1fce686cbfaa8d17bf013f3583886dc94273bf2f767492044b48db6557988d764f0450129c9d496dd3c10ad548099879d80e3945f2f636"
        },
        {
          "alg" : "SHA-384",
          "content" : "fe66fb82c6f9dca6f8fb1d61e1fc6f4d8bc9b616cf89aa5b54fab933e1a55506a2400e8e9b1c92cb2787ac69731103f4"
        },
        {
          "alg" : "SHA3-384",
          "content" : "6f537049a039795f0f4c0653d2ab959fe0bfeae53f629148773db1a819b2308e16ef6e3f9d49a5741e9adf0ce5c34eda"
        },
        {
          "alg" : "SHA3-256",
          "content" : "f25e1333214a362f95ef31c8465f6d89b4bb7399638f4c4ad53a6d9f0ecbd649"
        },
        {
          "alg" : "SHA3-512",
          "content" : "a831c814c1064b39ead500e542de1decfe302688936b93c9aa781938bb0ae884907137ea34f18f99436f24fb9ddbbcecaf32df543c691d6311671f7e8b81dbc7"
        }
      ],
      "licenses" : [
        {
          "license" : {
            "id" : "MIT",
            "url" : "https://opensource.org/license/mit/"
          }
        }
      ],
      "purl" : "pkg:maven/org.slf4j/jul-to-slf4j@2.0.17?type=jar",
      "externalReferences" : [
        {
          "type" : "website",
          "url" : "http://www.slf4j.org"
        },
        {
          "type" : "distribution-intake",
          "url" : "https://oss.sonatype.org/service/local/staging/deploy/maven2/"
        },
        {
          "type" : "vcs",
          "url" : "https://github.com/qos-ch/slf4j/slf4j-parent/jul-to-slf4j"
        }
      ]
    },
    {
      "type" : "library",
      "bom-ref" : "pkg:maven/jakarta.annotation/jakarta.annotation-api@2.1.1?type=jar",
      "publisher" : "Eclipse Foundation",
      "group" : "jakarta.annotation",
      "name" : "jakarta.annotation-api",
      "version" : "2.1.1",
      "description" : "Jakarta Annotations API",
      "scope" : "required",
      "hashes" : [
        {
          "alg" : "MD5",
          "content" : "5dac2f68e8288d0add4dc92cb161711d"
        },
        {
          "alg" : "SHA-1",
          "content" : "48b9bda22b091b1f48b13af03fe36db3be6e1ae3"
        },
        {
          "alg" : "SHA-256",
          "content" : "5f65fdaf424eee2b55e1d882ba9bb376be93fb09b37b808be6e22e8851c909fe"
        },
        {
          "alg" : "SHA-512",
          "content" : "eabe8b855b735663684052ec4cc357cc737936fa57cebf144eb09f70b3b6c600db7fa6f1c93a4f36c5994b1b37dad2dfcec87a41448872e69552accfd7f52af6"
        },
        {
          "alg" : "SHA-384",
          "content" : "798597a6b80b423844d70609c54b00d725a357031888da7e5c3efd3914d1770be69aa7135de13ddb89a4420a5550e35b"
        },
        {
          "alg" : "SHA3-384",
          "content" : "9629b8ca82f61674f5573723bbb3c137060e1442062eb52fa9c90fc8f57ea7d836eb2fb765d160ec8bf300bcb6b820be"
        },
        {
          "alg" : "SHA3-256",
          "content" : "f71ffc2a2c2bd1a00dfc00c4be67dbe5f374078bd50d5b24c0b29fbcc6634ecb"
        },
        {
          "alg" : "SHA3-512",
          "content" : "aa4e29025a55878db6edb0d984bd3a0633f3af03fa69e1d26c97c87c6d29339714003c96e29ff0a977132ce9c2729d0e27e36e9e245a7488266138239bdba15e"
        }
      ],
      "licenses" : [
        {
          "license" : {
            "id" : "EPL-2.0"
          }
        },
        {
          "license" : {
            "id" : "GPL-2.0-with-classpath-exception"
          }
        }
      ],
      "purl" : "pkg:maven/jakarta.annotation/jakarta.annotation-api@2.1.1?type=jar",
      "externalReferences" : [
        {
          "type" : "website",
          "url" : "https://projects.eclipse.org/projects/ee4j.ca"
        },
        {
          "type" : "distribution-intake",
          "url" : "https://jakarta.oss.sonatype.org/service/local/staging/deploy/maven2/"
        },
        {
          "type" : "issue-tracker",
          "url" : "https://github.com/eclipse-ee4j/common-annotations-api/issues"
        },
        {
          "type" : "mailing-list",
          "url" : "https://dev.eclipse.org/mhonarc/lists/ca-dev"
        },
        {
          "type" : "vcs",
          "url" : "https://github.com/eclipse-ee4j/common-annotations-api"
        }
      ]
    },
    {
      "type" : "library",
      "bom-ref" : "pkg:maven/org.yaml/snakeyaml@2.2?type=jar",
      "group" : "org.yaml",
      "name" : "snakeyaml",
      "version" : "2.2",
      "description" : "YAML 1.1 parser and emitter for Java",
      "scope" : "required",
      "hashes" : [
        {
          "alg" : "MD5",
          "content" : "d78aacf5f2de5b52f1a327470efd1ad7"
        },
        {
          "alg" : "SHA-1",
          "content" : "3af797a25458550a16bf89acc8e4ab2b7f2bfce0"
        },
        {
          "alg" : "SHA-256",
          "content" : "1467931448a0817696ae2805b7b8b20bfb082652bf9c4efaed528930dc49389b"
        },
        {
          "alg" : "SHA-512",
          "content" : "11547e75cc80bee26f532e2598bc6e4ffa802941496dc0d8ce017f1b15e01ebbb80e91ed17d1047916e32bf2fc58da532bc71a1dfe93afccc277a296d86634ba"
        },
        {
          "alg" : "SHA-384",
          "content" : "dae0cb1a7ab9ccc75413f46f18ae160e12e91dfef0c17a07ea547a365e9fb422c071aa01579f2a320f15ce6ee4c29038"
        },
        {
          "alg" : "SHA3-384",
          "content" : "654b418f330fa02f1111a20c27395ec5c7f463907ae44f60057c94da04f81e815cf1c3959f005026381ef79030049694"
        },
        {
          "alg" : "SHA3-256",
          "content" : "2c4deb8d79876b80b210ef72dc5de2b19607e50fbe3abf09a4324576ca0881fc"
        },
        {
          "alg" : "SHA3-512",
          "content" : "0d9be5610b2bcb6bb7562ee8bcc0d68f81d3771958ce9299c5e57e8ec952c96906d711587b7f72936328c72fb41687b4f908c4de3070b78cc1f3e257cf4b715e"
        }
      ],
      "licenses" : [
        {
          "license" : {
            "id" : "Apache-2.0"
          }
        }
      ],
      "purl" : "pkg:maven/org.yaml/snakeyaml@2.2?type=jar",
      "externalReferences" : [
        {
          "type" : "website",
          "url" : "https://bitbucket.org/snakeyaml/snakeyaml"
        },
        {
          "type" : "distribution-intake",
          "url" : "https://oss.sonatype.org/service/local/staging/deploy/maven2/"
        },
        {
          "type" : "issue-tracker",
          "url" : "https://bitbucket.org/snakeyaml/snakeyaml/issues"
        },
        {
          "type" : "vcs",
          "url" : "https://bitbucket.org/snakeyaml/snakeyaml/src"
        }
      ]
    },
    {
      "type" : "library",
      "bom-ref" : "pkg:maven/org.springframework.boot/spring-boot-actuator-autoconfigure@3.3.16?type=jar",
      "publisher" : "VMware, Inc.",
      "group" : "org.springframework.boot",
      "name" : "spring-boot-actuator-autoconfigure",
      "version" : "3.3.16",
      "description" : "Spring Boot Actuator AutoConfigure",
      "scope" : "required",
      "hashes" : [
        {
          "alg" : "MD5",
          "content" : "60560b52275c830b69e201445fa59bb5"
        },
        {
          "alg" : "SHA-1",
          "content" : "a24a6c35241574a1f807917ff88631802df47db2"
        },
        {
          "alg" : "SHA-256",
          "content" : "e8022766af8464b3eece64e514ebc85bef611852ccde246d0e6c6df35babeb0b"
        },
        {
          "alg" : "SHA-512",
          "content" : "4c8695d14d741174c20de668156877b31b854e8bee386f73958f8b6a5547cb0c7782ddef4beaaf559a6302fbe38acdc2cf55f18946882ea3542a5f4adea9228d"
        },
        {
          "alg" : "SHA-384",
          "content" : "58a8fc4429ca55e1d7c615351197eec025bc9359d017e7fa114b4ecf8844152fc96877d349e0c66163295e12216bdee9"
        },
        {
          "alg" : "SHA3-384",
          "content" : "69782bd9b4ebe7a463894cac73f26b30b347ed75bc9bc80462ef1bfcc2d88671bd9b87b49ea27dbe0fc4dd9339d0ed0f"
        },
        {
          "alg" : "SHA3-256",
          "content" : "916592317e5fb4fd235c423eae0060c0c63a43cd6fa239e67dc1564eb89cc44f"
        },
        {
          "alg" : "SHA3-512",
          "content" : "e97c936be81007484e6267484b961aee4cef921a2d8fb904edd00a017c7a1777a1313d5be5ed47178e613e5331b699c0b2e251d02f4b619aefe95757ee781df1"
        }
      ],
      "licenses" : [
        {
          "license" : {
            "name" : "Broadcom Foundation License"
          }
        }
      ],
      "purl" : "pkg:maven/org.springframework.boot/spring-boot-actuator-autoconfigure@3.3.16?type=jar",
      "externalReferences" : [
        {
          "type" : "website",
          "url" : "https://spring.io/projects/spring-boot"
        }
      ]
    },
    {
      "type" : "library",
      "bom-ref" : "pkg:maven/org.springframework.boot/spring-boot-actuator@3.3.16?type=jar",
      "publisher" : "VMware, Inc.",
      "group" : "org.springframework.boot",
      "name" : "spring-boot-actuator",
      "version" : "3.3.16",
      "description" : "Spring Boot Actuator",
      "scope" : "required",
      "hashes" : [
        {
          "alg" : "MD5",
          "content" : "4f18e4180bf2bcd89438b9af0c0d1668"
        },
        {
          "alg" : "SHA-1",
          "content" : "95dff7ca4f223f32f49387ad35ad6b169c7143b8"
        },
        {
          "alg" : "SHA-256",
          "content" : "4e2a8c0b59f145798034ad2114f7a2718bec67329ca443b0b931ecdb53993f24"
        },
        {
          "alg" : "SHA-512",
          "content" : "575196e65665efb9954cc681fcc1765b38a8f375fc0edef7e17745bae85dd1ca3825cbeb4d6dc1592c02499c1528919e16ec9e1b98b742444ea7aa994175e7e6"
        },
        {
          "alg" : "SHA-384",
          "content" : "e6ed0114df201ac1b1caab0320665bdf77cd51366697427bee44b6115725587ed8975b85357cfe9a7f61f561e7cf6f34"
        },
        {
          "alg" : "SHA3-384",
          "content" : "83b05527ae19e485867213a5bb040cc7dbe8444369b28ea21181b5d7aaa09f916183a1fcfb90bc580bfeeba182906548"
        },
        {
          "alg" : "SHA3-256",
          "content" : "ab4970c858cc215deb906a058bd08e1b7ecd3b4ffc6dcea97ef8f6ae272629ff"
        },
        {
          "alg" : "SHA3-512",
          "content" : "66bd32c289524051d4b8119525711b90c56c68a77fc1a0237d5cc1146875c93b2285b44e355db6dbccfb78d3b369e9ab8a48f6d0fd0085c5266c4c242767625f"
        }
      ],
      "licenses" : [
        {
          "license" : {
            "name" : "Broadcom Foundation License"
          }
        }
      ],
      "purl" : "pkg:maven/org.springframework.boot/spring-boot-actuator@3.3.16?type=jar",
      "externalReferences" : [
        {
          "type" : "website",
          "url" : "https://spring.io/projects/spring-boot"
        }
      ]
    },
    {
      "type" : "library",
      "bom-ref" : "pkg:maven/com.fasterxml.jackson.core/jackson-databind@2.17.3?type=jar",
      "publisher" : "FasterXML",
      "group" : "com.fasterxml.jackson.core",
      "name" : "jackson-databind",
      "version" : "2.17.3",
      "description" : "General data-binding functionality for Jackson: works on core streaming API",
      "scope" : "required",
      "hashes" : [
        {
          "alg" : "MD5",
          "content" : "820811143157937e800b899a4feeb261"
        },
        {
          "alg" : "SHA-1",
          "content" : "42c617beb411ee813bdc39a287424bfb19d99185"
        },
        {
          "alg" : "SHA-256",
          "content" : "93b13e709a0b620de42019180a75bc1fc4885c81fe5b6087a4aa248f91fb9a95"
        },
        {
          "alg" : "SHA-512",
          "content" : "2799e0bb81ed1a553cba86298d6699038dd3acf14fe33810668127340ef9d9177553b307df9f60e67e4258dd4d21ea31d2bbbf6bb8c8b72a4774da7fa39b4f62"
        },
        {
          "alg" : "SHA-384",
          "content" : "5c14b66f541f44dbcbbf1ca7b383631a9dc4196b2e34d115e231bff3df14f0e158c19b4312a4279f50fbcf7a354627d9"
        },
        {
          "alg" : "SHA3-384",
          "content" : "f1b8aae0482e82ba661e0470b8fd6f0583cd6a6108a2ffb4b6f625e9a3a4221e956e46f81f4590c606ea67e9bd1571a7"
        },
        {
          "alg" : "SHA3-256",
          "content" : "b2beaf181ac86683542f819c901ef9f4943306554148085071c69d51452c2921"
        },
        {
          "alg" : "SHA3-512",
          "content" : "3d22ce62c5679c1294bd16e13eb11a424506afbff63e15f75a0e01126928164209934f5fffdb7c8cf031641e30d75d0a42b4918e1e441a08d806b45d23b0e004"
        }
      ],
      "licenses" : [
        {
          "license" : {
            "id" : "Apache-2.0"
          }
        }
      ],
      "purl" : "pkg:maven/com.fasterxml.jackson.core/jackson-databind@2.17.3?type=jar",
      "externalReferences" : [
        {
          "type" : "website",
          "url" : "https://github.com/FasterXML/jackson"
        },
        {
          "type" : "distribution-intake",
          "url" : "https://oss.sonatype.org/service/local/staging/deploy/maven2/"
        },
        {
          "type" : "issue-tracker",
          "url" : "https://github.com/FasterXML/jackson-databind/issues"
        },
        {
          "type" : "vcs",
          "url" : "https://github.com/FasterXML/jackson-databind"
        }
      ]
    },
    {
      "type" : "library",
      "bom-ref" : "pkg:maven/com.fasterxml.jackson.core/jackson-annotations@2.17.3?type=jar",
      "publisher" : "FasterXML",
      "group" : "com.fasterxml.jackson.core",
      "name" : "jackson-annotations",
      "version" : "2.17.3",
      "description" : "Core annotations used for value types, used by Jackson data binding package.",
      "scope" : "required",
      "hashes" : [
        {
          "alg" : "MD5",
          "content" : "cb80e34a9fa3c0b27560e1562dfdff43"
        },
        {
          "alg" : "SHA-1",
          "content" : "4f30a05d2eee0ab700cdc27aa5967e934d3042b2"
        },
        {
          "alg" : "SHA-256",
          "content" : "2747f60343783a6ec8a68405c7c839fa0bbe30ee4e2459d21a1ac3b7365e1ed5"
        },
        {
          "alg" : "SHA-512",
          "content" : "ca7892370507a9a8fb1e2602b2f5252693a36536b9be1ca59ad6f3862edc7ea6d522932af8d540fd8fa085fe7f596c9b2b56a9cf78a16dd44d60f72f27bf118f"
        },
        {
          "alg" : "SHA-384",
          "content" : "c089d5e9dae3db73a096633e17d9273af52b55f4e0a741fe29b17170eccf49b96b2165cc49218ec5b9a4bd03a6921006"
        },
        {
          "alg" : "SHA3-384",
          "content" : "f1f9df895fdcc6d8f0a4669895dd573f07dc62bae91336f68c057532db3ee97d855a227290deef1a881510d23c2e5527"
        },
        {
          "alg" : "SHA3-256",
          "content" : "0e8c1be0670557ad916a822b11599d82ed5c614d5d0dc9357ad39b8ae1955565"
        },
        {
          "alg" : "SHA3-512",
          "content" : "4749d33d1eb2e66fc4c39e9514a26a69f8c70ffba1733d6fa5726eaae496a5a6e21085a0cd6b52a47ff4c8715380a755cd0a8b85d590dc13c76eab7eef69d966"
        }
      ],
      "licenses" : [
        {
          "license" : {
            "id" : "Apache-2.0"
          }
        }
      ],
      "purl" : "pkg:maven/com.fasterxml.jackson.core/jackson-annotations@2.17.3?type=jar",
      "externalReferences" : [
        {
          "type" : "website",
          "url" : "https://github.com/FasterXML/jackson"
        },
        {
          "type" : "distribution-intake",
          "url" : "https://oss.sonatype.org/service/local/staging/deploy/maven2/"
        },
        {
          "type" : "issue-tracker",
          "url" : "https://github.com/FasterXML/jackson-annotations/issues"
        },
        {
          "type" : "vcs",
          "url" : "https://github.com/FasterXML/jackson-annotations"
        }
      ]
    },
    {
      "type" : "library",
      "bom-ref" : "pkg:maven/com.fasterxml.jackson.core/jackson-core@2.17.3?type=jar",
      "publisher" : "FasterXML",
      "group" : "com.fasterxml.jackson.core",
      "name" : "jackson-core",
      "version" : "2.17.3",
      "description" : "Core Jackson processing abstractions (aka Streaming API), implementation for JSON",
      "scope" : "required",
      "hashes" : [
        {
          "alg" : "MD5",
          "content" : "b38c1cd06ec2b87bd23494962c44da69"
        },
        {
          "alg" : "SHA-1",
          "content" : "1d6eb3e959c737692b720d3492b2f1f34c4c8579"
        },
        {
          "alg" : "SHA-256",
          "content" : "19e03ee71f00a86255fa3c980560b231e1305486f6482c905601209014f5870c"
        },
        {
          "alg" : "SHA-512",
          "content" : "eedd1b0877df4e0a36a2e11ee40cec0b97e0a0141c83b81a8de82ead57b0678bdbe59bbccd3eae89ac326e14e3056e6bbb405dcb71250a52e3c3b539e35e411b"
        },
        {
          "alg" : "SHA-384",
          "content" : "1ed9ac622d5561c3b0fa2c40cac669fce205de1aae4c12ecaa6a8e41c0371504c0e32281b9f6992f639a0a6817695042"
        },
        {
          "alg" : "SHA3-384",
          "content" : "131889431c99c20407dda1df9686c62d33a32ce961a6130c9404b4221764f21a8f60e3c2313ecdf892266b1cacb5485f"
        },
        {
          "alg" : "SHA3-256",
          "content" : "1db76a4147c77207ca5766239839c62ca896b7c6a6271063403bf505f288e566"
        },
        {
          "alg" : "SHA3-512",
          "content" : "43531392679ed0bfa6c99b027e4aab544da9d96224f0a5727103f9c220c993a8e6c2d04d87e329c280a86ab2b12ec4485153e7cfaf1b52166e3cb2042cf17417"
        }
      ],
      "licenses" : [
        {
          "license" : {
            "id" : "Apache-2.0"
          }
        }
      ],
      "purl" : "pkg:maven/com.fasterxml.jackson.core/jackson-core@2.17.3?type=jar",
      "externalReferences" : [
        {
          "type" : "website",
          "url" : "https://github.com/FasterXML/jackson-core"
        },
        {
          "type" : "distribution-intake",
          "url" : "https://oss.sonatype.org/service/local/staging/deploy/maven2/"
        },
        {
          "type" : "issue-tracker",
          "url" : "https://github.com/FasterXML/jackson-core/issues"
        },
        {
          "type" : "vcs",
          "url" : "https://github.com/FasterXML/jackson-core"
        }
      ]
    },
    {
      "type" : "library",
      "bom-ref" : "pkg:maven/com.fasterxml.jackson.datatype/jackson-datatype-jsr310@2.17.3?type=jar",
      "publisher" : "FasterXML",
      "group" : "com.fasterxml.jackson.datatype",
      "name" : "jackson-datatype-jsr310",
      "version" : "2.17.3",
      "description" : "Add-on module to support JSR-310 (Java 8 Date & Time API) data types.",
      "scope" : "required",
      "hashes" : [
        {
          "alg" : "MD5",
          "content" : "9b733e7f3fa1f7a8fba27de5fb09aec3"
        },
        {
          "alg" : "SHA-1",
          "content" : "a25fe2f5607fea9e00ed00cf81b7aa2eaacbbd6e"
        },
        {
          "alg" : "SHA-256",
          "content" : "b1e3e4be52f69ecf6442d8a07e96ddd200bacb1867cb47460ade87710552a9ee"
        },
        {
          "alg" : "SHA-512",
          "content" : "98b210f707c533b0bf3a68316f4af3b30a61f826ebfe151702e516e20f15c52aa9357c060efad631c82a5e949d765ea9ebf2d7dee6c38c7d842134f39b54b58f"
        },
        {
          "alg" : "SHA-384",
          "content" : "ecc9a42563dbaf60ad4d4009b9228f7c54c9bfed0cc52a14c8935cba7629a0c90a02088a2888db4dd34d69eba061675b"
        },
        {
          "alg" : "SHA3-384",
          "content" : "4d2702b73fd5e2ce2f42b5ec2562c805e65753f2cbd5f786248872be00b25a915c03f0557d2abf9440194a8cad892778"
        },
        {
          "alg" : "SHA3-256",
          "content" : "23aa543f20f5605d7370d4130fe23996d399dafe3ed73a7b1681cbf69d4d893a"
        },
        {
          "alg" : "SHA3-512",
          "content" : "846f685ac5d485e666243f3564930d60f570061f65fdd3ca3aa14136f62781caf0a5f122c31bf9a4e733ac990dd6c44a55c955daee9c679dc36f7f4e8d97e2f6"
        }
      ],
      "licenses" : [
        {
          "license" : {
            "id" : "Apache-2.0"
          }
        }
      ],
      "purl" : "pkg:maven/com.fasterxml.jackson.datatype/jackson-datatype-jsr310@2.17.3?type=jar",
      "externalReferences" : [
        {
          "type" : "website",
          "url" : "https://github.com/FasterXML/jackson-modules-java8/jackson-datatype-jsr310"
        },
        {
          "type" : "distribution-intake",
          "url" : "https://oss.sonatype.org/service/local/staging/deploy/maven2/"
        },
        {
          "type" : "issue-tracker",
          "url" : "https://github.com/FasterXML/jackson-modules-java8/issues"
        },
        {
          "type" : "vcs",
          "url" : "http://github.com/FasterXML/jackson-modules-java8/jackson-datatype-jsr310"
        }
      ]
    },
    {
      "type" : "library",
      "bom-ref" : "pkg:maven/io.micrometer/micrometer-observation@1.13.17?type=jar",
      "group" : "io.micrometer",
      "name" : "micrometer-observation",
      "version" : "1.13.17",
      "description" : "Module containing Observation related code",
      "scope" : "required",
      "hashes" : [
        {
          "alg" : "MD5",
          "content" : "f7309717772e8164aa420c6b08ef4ead"
        },
        {
          "alg" : "SHA-1",
          "content" : "ba33c6a00d7b3bbc77dc7a05bddfe39487f64610"
        },
        {
          "alg" : "SHA-256",
          "content" : "5201f69210dd6aaca9fba7b452cec1173126c0a3fc4c87c2fac544182ad3e131"
        },
        {
          "alg" : "SHA-512",
          "content" : "4cad7892ecf5c24af94e8ba930157cf4b087b902fe2f9ca77753c084ba11827904991a5d66c9bb8ed4c5be4112218ed57e8e68779e35d377a032a3dbc93a1236"
        },
        {
          "alg" : "SHA-384",
          "content" : "bf6196c2e899e898ae1025a10065aa5b6914f029d6ce0ab65843736efdabd563b77e1fadf040151d4c52c4fbb9a27cff"
        },
        {
          "alg" : "SHA3-384",
          "content" : "8ba7a9ac94a4ca3ce502b304ae1b4647489283faf708178870b1a79679c4d8d0a76e9e4c4d075afc502486b778565cc8"
        },
        {
          "alg" : "SHA3-256",
          "content" : "b6f650d600f740a13310dbf23387c94f054988f76b2af81b39e8f206799cba80"
        },
        {
          "alg" : "SHA3-512",
          "content" : "b97e1f2a5e9a3a6d43eb4a3c9538d215cd9e33a90fbe82235230eb57b0faab1c36491ba07dd38d173248f07ed60304acf2050b9dfc5508945a8bfb1d3b38f909"
        }
      ],
      "licenses" : [
        {
          "license" : {
            "id" : "Apache-2.0"
          }
        }
      ],
      "purl" : "pkg:maven/io.micrometer/micrometer-observation@1.13.17?type=jar",
      "externalReferences" : [
        {
          "type" : "website",
          "url" : "https://github.com/micrometer-metrics/micrometer-commercial"
        },
        {
          "type" : "vcs",
          "url" : "https://github.com/micrometer-metrics/micrometer-commercial"
        }
      ]
    },
    {
      "type" : "library",
      "bom-ref" : "pkg:maven/io.micrometer/micrometer-commons@1.13.17?type=jar",
      "group" : "io.micrometer",
      "name" : "micrometer-commons",
      "version" : "1.13.17",
      "description" : "Module containing common code",
      "scope" : "required",
      "hashes" : [
        {
          "alg" : "MD5",
          "content" : "89b9e2e53e708061efa2dee439644169"
        },
        {
          "alg" : "SHA-1",
          "content" : "6e3500566b1c16550076273c21aef59d9f3d68dd"
        },
        {
          "alg" : "SHA-256",
          "content" : "2f970d8aa2dc8eeae88b7e209fe08073edffd8656db37ae4c7a628aa8ec4f434"
        },
        {
          "alg" : "SHA-512",
          "content" : "a938df4e212c20e07132a79ef01bcdc067920a65e59cca8846fbc11a2be4cf4638eaeec4d6082b5200bc7f40b7257d1b3fb1b649780b0a15e8bed3fb80e41ad9"
        },
        {
          "alg" : "SHA-384",
          "content" : "44d9da49bb551c0ac0fa820179534e799373373b2ba579eef668816553dcd01116c86a4d987f8a5a25e2760563fd846c"
        },
        {
          "alg" : "SHA3-384",
          "content" : "d9b4538a5adcc753c6736f38b57c1f53e757639464e7840dab19edcca5d521266d055add4251c10bcb6c4e83af5d93d2"
        },
        {
          "alg" : "SHA3-256",
          "content" : "d22c7a7e4a6979ba2e0e8310306951cef6f2d790ee9ed00feba8feb06390f2dd"
        },
        {
          "alg" : "SHA3-512",
          "content" : "c40832349eb166976a9f2d475a067c5e1932c48b455fdf37c0ec4cd34b00684b711074ef4d618691b50b1b8c003b6d42fc451c9bc5edfe7c5b4254b5804b68f4"
        }
      ],
      "licenses" : [
        {
          "license" : {
            "id" : "Apache-2.0"
          }
        }
      ],
      "purl" : "pkg:maven/io.micrometer/micrometer-commons@1.13.17?type=jar",
      "externalReferences" : [
        {
          "type" : "website",
          "url" : "https://github.com/micrometer-metrics/micrometer-commercial"
        },
        {
          "type" : "vcs",
          "url" : "https://github.com/micrometer-metrics/micrometer-commercial"
        }
      ]
    },
    {
      "type" : "library",
      "bom-ref" : "pkg:maven/io.micrometer/micrometer-jakarta9@1.13.17?type=jar",
      "group" : "io.micrometer",
      "name" : "micrometer-jakarta9",
      "version" : "1.13.17",
      "description" : "Module for Jakarta 9+ based instrumentations",
      "scope" : "required",
      "hashes" : [
        {
          "alg" : "MD5",
          "content" : "faa779926975eb310179f11b819c8143"
        },
        {
          "alg" : "SHA-1",
          "content" : "467fcea8e1152188acf609884d179ce3f7e8ad2d"
        },
        {
          "alg" : "SHA-256",
          "content" : "5e272fda7d7efde364812da4c7fe5bfa3a0318ab28d21c071147e8e251ad5564"
        },
        {
          "alg" : "SHA-512",
          "content" : "4f796bc3422977a09d0ed10bdd1db36c051f75671e86f68f78d2c80e8b007b5696c5f128ebcb011f0d92670bf6239561ffc0eeaeb88abd7abcf7282628852ab3"
        },
        {
          "alg" : "SHA-384",
          "content" : "8be5ca74989d1df74512c0944e1914eb646a6c548b46a219fec33e0d10c47dbeab604ea70d9ee0d2509d92619cadb841"
        },
        {
          "alg" : "SHA3-384",
          "content" : "225452f2900d467e0890fa945bd2f10664111e155f5076d25daa2c6000c40c77221c2ce5ba6887b6328a063223ba5f05"
        },
        {
          "alg" : "SHA3-256",
          "content" : "3003c9f185644ac7aae4d7bae6562345895f247d574d1ce5ee8d5ae337bbc6a6"
        },
        {
          "alg" : "SHA3-512",
          "content" : "1ebb3fc4a86262539778315e398830d08c565468ce3a82addef3633f3c08a9eb3b072d7be58b2c261d44d4794bf382459bcab8e345645ee69a8828b140a30644"
        }
      ],
      "licenses" : [
        {
          "license" : {
            "id" : "Apache-2.0"
          }
        }
      ],
      "purl" : "pkg:maven/io.micrometer/micrometer-jakarta9@1.13.17?type=jar",
      "externalReferences" : [
        {
          "type" : "website",
          "url" : "https://github.com/micrometer-metrics/micrometer-commercial"
        },
        {
          "type" : "vcs",
          "url" : "https://github.com/micrometer-metrics/micrometer-commercial"
        }
      ]
    },
    {
      "type" : "library",
      "bom-ref" : "pkg:maven/io.micrometer/micrometer-core@1.13.17?type=jar",
      "group" : "io.micrometer",
      "name" : "micrometer-core",
      "version" : "1.13.17",
      "description" : "Core module of Micrometer containing instrumentation API and implementation",
      "scope" : "required",
      "hashes" : [
        {
          "alg" : "MD5",
          "content" : "98ade7edbef84ad1563f98e39cc0ff5a"
        },
        {
          "alg" : "SHA-1",
          "content" : "b4426b146b161f57d738cd9d4b8535bcb67d6339"
        },
        {
          "alg" : "SHA-256",
          "content" : "99491073ee8d684cea4844d5b9895ea743c71c47bbb646ceee2a7c2c3e5dfe1b"
        },
        {
          "alg" : "SHA-512",
          "content" : "0db72614772b6de3665b9da27a7060b1732134d584855d930d404f0d3305f60abeb3c5b7797139e5a741a085f311bbbb4d461a0863bdc47056b77826393e7e72"
        },
        {
          "alg" : "SHA-384",
          "content" : "c2c8694aded8f85eb8844d2711442a20e72226d31380a76e51eea357f299d357cfc1c250f40a2d9a2bfd9c91420eb68c"
        },
        {
          "alg" : "SHA3-384",
          "content" : "8515246a02720c6e6bb80d6b2be6dc5b5090f6afeaa457bb3e663a007b511a1189df726c528029bd22a85cf1dfd4f2f8"
        },
        {
          "alg" : "SHA3-256",
          "content" : "1e7fdeff7f1b7cf21b2cb3bba62d03acc10921b88a8b9592bcaa0456cac87fae"
        },
        {
          "alg" : "SHA3-512",
          "content" : "715e76bc1f1737ed211adea5eee50a12fd174c506c3063864aab79d6b12bc277857bd302a760365c8ec0c1fe9259f2a893656196f621e1a351019d2387c2831e"
        }
      ],
      "licenses" : [
        {
          "license" : {
            "id" : "Apache-2.0"
          }
        }
      ],
      "purl" : "pkg:maven/io.micrometer/micrometer-core@1.13.17?type=jar",
      "externalReferences" : [
        {
          "type" : "website",
          "url" : "https://github.com/micrometer-metrics/micrometer-commercial"
        },
        {
          "type" : "vcs",
          "url" : "https://github.com/micrometer-metrics/micrometer-commercial"
        }
      ]
    },
    {
      "type" : "library",
      "bom-ref" : "pkg:maven/org.hdrhistogram/HdrHistogram@2.2.2?type=jar",
      "group" : "org.hdrhistogram",
      "name" : "HdrHistogram",
      "version" : "2.2.2",
      "description" : "HdrHistogram supports the recording and analyzing sampled data value counts across a configurable integer value range with configurable value precision within the range. Value precision is expressed as the number of significant digits in the value recording, and provides control over value quantization behavior across the value range and the subsequent value resolution at any given level.",
      "scope" : "required",
      "hashes" : [
        {
          "alg" : "MD5",
          "content" : "41f807bf0c681d6f692c408a6e217eaf"
        },
        {
          "alg" : "SHA-1",
          "content" : "7959933ebcc0f05b2eaa5af0a0c8689fa257b15c"
        },
        {
          "alg" : "SHA-256",
          "content" : "22d1d4316c4ec13a68b559e98c8256d69071593731da96136640f864fa14fad8"
        },
        {
          "alg" : "SHA-512",
          "content" : "fb28f1bc3a3d4430474ea87a0833d56dc3d1303c98918122d93c630ebdb0d1323bbf8feb9ffdc7dddd1908105858e6959bdfdd3889ca5803cecde93a974ab6b7"
        },
        {
          "alg" : "SHA-384",
          "content" : "fa19cf4674dee37cb5114689cccafeadbb7989e17768b814cb431806a0f69c7b37093b6e100430bd571a45d87a319758"
        },
        {
          "alg" : "SHA3-384",
          "content" : "fc0a9e2e5284bc2f911c5e2fdf9eec6cfa1973b6cfb1362822580d6c8768c73ebd1c8056b6e4e5302940f6b5ec4c74b7"
        },
        {
          "alg" : "SHA3-256",
          "content" : "79af553410abf4d3bbfa64374dfdf8777ce49d28b4c67a615e6d4a78e97d0498"
        },
        {
          "alg" : "SHA3-512",
          "content" : "5b2b1795ed1ea55b5a3566bb1f4170a4367b7893256809fdb428df9405857c8454196badf3681abaf536260ed6f293c096a3f3c9d72f0f04830e8fe71d49410a"
        }
      ],
      "licenses" : [
        {
          "license" : {
            "id" : "CC0-1.0"
          }
        },
        {
          "license" : {
            "id" : "BSD-2-Clause",
            "url" : "https://opensource.org/licenses/BSD-2-Clause"
          }
        }
      ],
      "purl" : "pkg:maven/org.hdrhistogram/HdrHistogram@2.2.2?type=jar",
      "externalReferences" : [
        {
          "type" : "website",
          "url" : "http://hdrhistogram.github.io/HdrHistogram/"
        },
        {
          "type" : "issue-tracker",
          "url" : "https://github.com/HdrHistogram/HdrHistogram/issues"
        },
        {
          "type" : "vcs",
          "url" : "scm:git:git://github.com/HdrHistogram/HdrHistogram.git"
        }
      ]
    },
    {
      "type" : "library",
      "bom-ref" : "pkg:maven/org.latencyutils/LatencyUtils@2.0.3?type=jar",
      "group" : "org.latencyutils",
      "name" : "LatencyUtils",
      "version" : "2.0.3",
      "description" : "LatencyUtils is a package that provides latency recording and reporting utilities.",
      "scope" : "required",
      "hashes" : [
        {
          "alg" : "MD5",
          "content" : "2ad12e1ef7614cecfb0483fa9ac6da73"
        },
        {
          "alg" : "SHA-1",
          "content" : "769c0b82cb2421c8256300e907298a9410a2a3d3"
        },
        {
          "alg" : "SHA-256",
          "content" : "a32a9ffa06b2f4e01c5360f8f9df7bc5d9454a5d373cd8f361347fa5a57165ec"
        },
        {
          "alg" : "SHA-512",
          "content" : "bb81a42498c65389366205f4e07cee336920e2f05cc0daae213f2784b1d0ce9a908b038daec20478f23eb00b2bf704f96c5b00f63c99615193ab2a3cc4a9f890"
        },
        {
          "alg" : "SHA-384",
          "content" : "16ca4640dc9d848e6c6d15441897e1b5a9f27f34207b0bb456dd54d8f267b73b348092e548e78634144de44ba3515205"
        },
        {
          "alg" : "SHA3-384",
          "content" : "406c2b5c6f64b0c090568e479b5e6136a04a4e77f8eea65d32b4e2b01deebcdf6a0a851240cdb740c25b5a5e61e6c179"
        },
        {
          "alg" : "SHA3-256",
          "content" : "50ae828358301033542fd7c412e86ee318d5451f89a182e2a679aaf18099d26d"
        },
        {
          "alg" : "SHA3-512",
          "content" : "456c337b9fb385579aae707409ed6a04d08e5fc87b1a46733dca617c22c625bf253dc4747e0cdbf5e7d8b48102d2938cb482b6b688a79aab645a7459c592258f"
        }
      ],
      "licenses" : [
        {
          "license" : {
            "id" : "CC0-1.0"
          }
        }
      ],
      "purl" : "pkg:maven/org.latencyutils/LatencyUtils@2.0.3?type=jar",
      "externalReferences" : [
        {
          "type" : "website",
          "url" : "http://latencyutils.github.io/LatencyUtils/"
        },
        {
          "type" : "distribution-intake",
          "url" : "https://oss.sonatype.org/service/local/staging/deploy/maven2/"
        },
        {
          "type" : "issue-tracker",
          "url" : "https://github.com/LatencyUtils/LatencyUtils/issues"
        },
        {
          "type" : "vcs",
          "url" : "scm:git:git://github.com/LatencyUtils/LatencyUtils.git"
        }
      ]
    },
    {
      "type" : "library",
      "bom-ref" : "pkg:maven/org.springframework.boot/spring-boot-starter-cache@3.3.16?type=jar",
      "publisher" : "VMware, Inc.",
      "group" : "org.springframework.boot",
      "name" : "spring-boot-starter-cache",
      "version" : "3.3.16",
      "description" : "Starter for using Spring Framework's caching support",
      "scope" : "required",
      "hashes" : [
        {
          "alg" : "MD5",
          "content" : "2e24999d819b9dd8d45308d27418115b"
        },
        {
          "alg" : "SHA-1",
          "content" : "d8f76f39ce773bbbbaaefcdd1afd5da35570d8e8"
        },
        {
          "alg" : "SHA-256",
          "content" : "56b103d6bc708f52c0eaad35d854a624983851791ed03b8a2e03a61327479906"
        },
        {
          "alg" : "SHA-512",
          "content" : "f4a329d26f91f9cf91edc33010fa5b51d08bb6d0b113ddbb7a08260b105fc78034e86f21d50c042fde214873f6733683c091ed9f1045c3109d1d79ba7a91fd28"
        },
        {
          "alg" : "SHA-384",
          "content" : "c788a69bec5b15f3b372652cbd8e8df9ed6c275d9e3c6ba5f6f4eb2e608771cdc576d6cd84789b0a6dcd76323de79644"
        },
        {
          "alg" : "SHA3-384",
          "content" : "66f9d2831b380dfdf2273d814a9d85082d692e69a1db8e707f4e4b88e7267376236f77c67014cb8b3202dfbc21c26367"
        },
        {
          "alg" : "SHA3-256",
          "content" : "8e8fc5d3c93386af580a613312960eb5a03d2e78b910d60ddee1b3a02dc51127"
        },
        {
          "alg" : "SHA3-512",
          "content" : "180d0b7760fd7526db750c7b9188dd91365f74416d1a10930867367fc224d763bb407dc6faf726f7a53cb81bad724ef161ef9cb53c97fe0d6ecbd5bf5bdb6c1b"
        }
      ],
      "licenses" : [
        {
          "license" : {
            "name" : "Broadcom Foundation License"
          }
        }
      ],
      "purl" : "pkg:maven/org.springframework.boot/spring-boot-starter-cache@3.3.16?type=jar",
      "externalReferences" : [
        {
          "type" : "website",
          "url" : "https://spring.io/projects/spring-boot"
        }
      ]
    },
    {
      "type" : "library",
      "bom-ref" : "pkg:maven/org.springframework/spring-context-support@6.1.24?type=jar",
      "publisher" : "Spring IO",
      "group" : "org.springframework",
      "name" : "spring-context-support",
      "version" : "6.1.24",
      "description" : "Spring Context Support",
      "scope" : "required",
      "hashes" : [
        {
          "alg" : "MD5",
          "content" : "06d72fa6498fb76764e5ff9d29bff2bd"
        },
        {
          "alg" : "SHA-1",
          "content" : "4fb2d0d3abab2e2125d283d9680108f351e4b25e"
        },
        {
          "alg" : "SHA-256",
          "content" : "3ed7c1add67ba39c3e9830765720c75730620b61a7c396106e180aeaa8ee6333"
        },
        {
          "alg" : "SHA-512",
          "content" : "5fab99e1af4beb7d94fd185cba83fba4a420d52bb94c3bb50f632879cd9cab6b2d00020c251a8eff6f17486d02797f58c51a1b18ddc1bf2c7c2c930843a28ac9"
        },
        {
          "alg" : "SHA-384",
          "content" : "017684e829cce00e54ced92c4c44e64c6741b4da4dbc10f59fa9f29943a7113b4349191adfdb7d450cdc598e35b97397"
        },
        {
          "alg" : "SHA3-384",
          "content" : "d37d3cc941b1ac9c350a554d8912d83444bd271fca926ce8addfd93d8859d68ea30e32b74c5b474b3cee6be0b27c725f"
        },
        {
          "alg" : "SHA3-256",
          "content" : "20f8b7e800cd6a9d4bbcd157be794dcb481a996940f83eee42761bffda52c45e"
        },
        {
          "alg" : "SHA3-512",
          "content" : "3ac848039ee950e8b65ac91ac6574cd63681924603e349dcab871f8e7aee412e2b48ec166a4e83811fb74ca583a2e636d9d7a3e6993d49ed0a69e0fd96bea376"
        }
      ],
      "licenses" : [
        {
          "license" : {
            "name" : "Broadcom Foundation License"
          }
        }
      ],
      "purl" : "pkg:maven/org.springframework/spring-context-support@6.1.24?type=jar",
      "externalReferences" : [
        {
          "type" : "website",
          "url" : "https://github.com/spring-projects/spring-framework"
        },
        {
          "type" : "issue-tracker",
          "url" : "https://github.com/spring-projects/spring-framework/issues"
        },
        {
          "type" : "vcs",
          "url" : "https://github.com/spring-projects/spring-framework"
        }
      ]
    },
    {
      "type" : "library",
      "bom-ref" : "pkg:maven/org.springframework/spring-beans@6.1.24?type=jar",
      "publisher" : "Spring IO",
      "group" : "org.springframework",
      "name" : "spring-beans",
      "version" : "6.1.24",
      "description" : "Spring Beans",
      "scope" : "required",
      "hashes" : [
        {
          "alg" : "MD5",
          "content" : "0c5c8e0d338304df94067fbebb4e43ff"
        },
        {
          "alg" : "SHA-1",
          "content" : "9f94d8cbf819c16965e99ac80d237e880a9e69d4"
        },
        {
          "alg" : "SHA-256",
          "content" : "64e920a99bd99eb34e929666d2beaedcca4a7692ddd1c39bedfa1a147d6982be"
        },
        {
          "alg" : "SHA-512",
          "content" : "8a95a5cbf95bd1074bc5ab47c0a58774047e991e677edcca026e699375419167a71d50da32a3ab7eda064991f1d8971e0c23067232e9cd1244ea6c9e44ccff50"
        },
        {
          "alg" : "SHA-384",
          "content" : "c861e5f35a54064976ae3660b6fada86943b8687c8473b10270a1b496b3af4697d413913b6b5aa1ea92efb63326bb661"
        },
        {
          "alg" : "SHA3-384",
          "content" : "14be54d766f862c171ab8167dea7df5b6aa54b76a4de8da905fbca4c231dfc585b8bdb886729dccdb4d1ca7d48f37411"
        },
        {
          "alg" : "SHA3-256",
          "content" : "5c31460a55dfc39694a00ddf6955aa98177e7e2af72f16134e91e9e6c22d7334"
        },
        {
          "alg" : "SHA3-512",
          "content" : "8245a47cc6af6976f1b2d268278052e0444750fdfd92cca8d496379c6e13693db84d2643c35abab4ca140ae114c18d30d84e48ce84b065c4f523eaf6971ab407"
        }
      ],
      "licenses" : [
        {
          "license" : {
            "name" : "Broadcom Foundation License"
          }
        }
      ],
      "purl" : "pkg:maven/org.springframework/spring-beans@6.1.24?type=jar",
      "externalReferences" : [
        {
          "type" : "website",
          "url" : "https://github.com/spring-projects/spring-framework"
        },
        {
          "type" : "issue-tracker",
          "url" : "https://github.com/spring-projects/spring-framework/issues"
        },
        {
          "type" : "vcs",
          "url" : "https://github.com/spring-projects/spring-framework"
        }
      ]
    },
    {
      "type" : "library",
      "bom-ref" : "pkg:maven/org.springframework/spring-context@6.1.24?type=jar",
      "publisher" : "Spring IO",
      "group" : "org.springframework",
      "name" : "spring-context",
      "version" : "6.1.24",
      "description" : "Spring Context",
      "scope" : "required",
      "hashes" : [
        {
          "alg" : "MD5",
          "content" : "04218c1014a67fa1b4c927ec0bd85d81"
        },
        {
          "alg" : "SHA-1",
          "content" : "ae88356e87c4ba5b57331eb6b10a5ed95fea4887"
        },
        {
          "alg" : "SHA-256",
          "content" : "e6c9283d1a779d610add88f7b3b9440232456ec9a7c9cd470edcf074dc7dcde8"
        },
        {
          "alg" : "SHA-512",
          "content" : "3b675cf4ae4d9730ffadfd2be2e029895599317fc32320f29f01ee6ac39216d6fcf48c6dd9d6603a016490f2a3ef2ea8bba9efb949940655fb1450e28e6c1e99"
        },
        {
          "alg" : "SHA-384",
          "content" : "391d9002645c6e7a0f45c99269efd255a1f985ab7b2065b5933d152657c0e324396443ea279e18a500074f694198a2e6"
        },
        {
          "alg" : "SHA3-384",
          "content" : "7ea5964b8195a171eca04c97c9aaae8d8e36dd4d907ee90e0b33d2788f7e13ee1da6e8472ccb07fb14db3b24cdfc76ef"
        },
        {
          "alg" : "SHA3-256",
          "content" : "3dd8f86c36db4a667c332062faf3dea23b58a57ea67340ad8f85dc44513d2db9"
        },
        {
          "alg" : "SHA3-512",
          "content" : "6aaea6758e9e4fdbf6357c9e92c0a7611121fe5c4092d8f276764fc012a3c56f627c674c78f8c5d6a4742dd94f871ae33c096a290e1c4a562654260f37195500"
        }
      ],
      "licenses" : [
        {
          "license" : {
            "name" : "Broadcom Foundation License"
          }
        }
      ],
      "purl" : "pkg:maven/org.springframework/spring-context@6.1.24?type=jar",
      "externalReferences" : [
        {
          "type" : "website",
          "url" : "https://github.com/spring-projects/spring-framework"
        },
        {
          "type" : "issue-tracker",
          "url" : "https://github.com/spring-projects/spring-framework/issues"
        },
        {
          "type" : "vcs",
          "url" : "https://github.com/spring-projects/spring-framework"
        }
      ]
    },
    {
      "type" : "library",
      "bom-ref" : "pkg:maven/org.springframework.boot/spring-boot-starter-data-jpa@3.3.16?type=jar",
      "publisher" : "VMware, Inc.",
      "group" : "org.springframework.boot",
      "name" : "spring-boot-starter-data-jpa",
      "version" : "3.3.16",
      "description" : "Starter for using Spring Data JPA with Hibernate",
      "scope" : "required",
      "hashes" : [
        {
          "alg" : "MD5",
          "content" : "9d3541bd801015d7e23f72d3be869f13"
        },
        {
          "alg" : "SHA-1",
          "content" : "dc18e3ddfa036ebea3bc9b50bc262fd67c5ba472"
        },
        {
          "alg" : "SHA-256",
          "content" : "1723cbe1a877071b98b5e80a01e80c6eab3659456d613f7fa722c22837aec234"
        },
        {
          "alg" : "SHA-512",
          "content" : "3c3ceefe59127a1ecf286bc9298c414c38fc1fe70f4233c39d52d24f493b408e213feae6313dbd7d44203f73f2ff3425a890c8e2b932ad4d2356cc883e170c2d"
        },
        {
          "alg" : "SHA-384",
          "content" : "51fc12c17e42b0a22d60445f159a61a7d36146050c0e8a26d25c85799c532e4d36417f982c30b7dc99650498f6f7dd88"
        },
        {
          "alg" : "SHA3-384",
          "content" : "782ce70b4a99242738aa08e20570b14a0c83e127ff64177fc7a2a101bd54276137bb1d323956a1db914ad82bbe57daa6"
        },
        {
          "alg" : "SHA3-256",
          "content" : "d03923edf10814c504273d787e1310c1230fcc99585fc40159da60b771a08698"
        },
        {
          "alg" : "SHA3-512",
          "content" : "cdabcd0a20cae116095ea26985b682c05099cea955d1754725a3887bbe290864103bffe64583f7ad2202ddccda951f2b3aa4f43a878cdb49911835a30ef9cb1d"
        }
      ],
      "licenses" : [
        {
          "license" : {
            "name" : "Broadcom Foundation License"
          }
        }
      ],
      "purl" : "pkg:maven/org.springframework.boot/spring-boot-starter-data-jpa@3.3.16?type=jar",
      "externalReferences" : [
        {
          "type" : "website",
          "url" : "https://spring.io/projects/spring-boot"
        }
      ]
    },
    {
      "type" : "library",
      "bom-ref" : "pkg:maven/org.springframework.boot/spring-boot-starter-aop@3.3.16?type=jar",
      "publisher" : "VMware, Inc.",
      "group" : "org.springframework.boot",
      "name" : "spring-boot-starter-aop",
      "version" : "3.3.16",
      "description" : "Starter for aspect-oriented programming with Spring AOP and AspectJ",
      "scope" : "required",
      "hashes" : [
        {
          "alg" : "MD5",
          "content" : "7963c7865e058e3ef6f1ec68c193ed7b"
        },
        {
          "alg" : "SHA-1",
          "content" : "c15f0e5a6f0fc9f3acf288da1218d1a5dd7e39a3"
        },
        {
          "alg" : "SHA-256",
          "content" : "6540772e4c5988e5f135c5ea9203c7532c8246fd6ed0089c9a971270eb99cd28"
        },
        {
          "alg" : "SHA-512",
          "content" : "48cd9cb988a053bd3020624cfe54adc49f42f5d1520392a7e8712391bd06ae962b528fbb7cd0f2a7d7b263ac84ba7cfc1499065906a3509317f37ac854d30761"
        },
        {
          "alg" : "SHA-384",
          "content" : "048a044a86cccef9fa47b55beb58bc17f432e0676929b09d528893871b057300a56acc9670fd9f1eece4db0ab28fc9fa"
        },
        {
          "alg" : "SHA3-384",
          "content" : "4bdd6f1b4335bc751a61b0426aafac23fb650a27168ceb04b25c0c88fab105bdf239bd47cf3f35726c61ee5389fc666e"
        },
        {
          "alg" : "SHA3-256",
          "content" : "ee5bf4d36333f6159733a780f55be6741417debfd39375e74deb2dc748230a63"
        },
        {
          "alg" : "SHA3-512",
          "content" : "63587a3f16e6854fb849402d1c5f1625600607c60e74a6bc538576bf817809d6f87c0a2a7680d4a927ab6623e4e8bd6b245e633eda137f32d69533eef190548e"
        }
      ],
      "licenses" : [
        {
          "license" : {
            "name" : "Broadcom Foundation License"
          }
        }
      ],
      "purl" : "pkg:maven/org.springframework.boot/spring-boot-starter-aop@3.3.16?type=jar",
      "externalReferences" : [
        {
          "type" : "website",
          "url" : "https://spring.io/projects/spring-boot"
        }
      ]
    },
    {
      "type" : "library",
      "bom-ref" : "pkg:maven/org.springframework/spring-aop@6.1.24?type=jar",
      "publisher" : "Spring IO",
      "group" : "org.springframework",
      "name" : "spring-aop",
      "version" : "6.1.24",
      "description" : "Spring AOP",
      "scope" : "required",
      "hashes" : [
        {
          "alg" : "MD5",
          "content" : "d3c673ae7e974951f91de7016b2ed315"
        },
        {
          "alg" : "SHA-1",
          "content" : "87d0273be3180aef942239a7c24977747e3d57ec"
        },
        {
          "alg" : "SHA-256",
          "content" : "5d4c220c51ffef9271c6e551a86836e61795e1a31830499722ae99be47e07d80"
        },
        {
          "alg" : "SHA-512",
          "content" : "ef108603c88fee46ccce0755e8787662b47130ff622c225767d914e9b02b351e8307c1368b91cf0111ca1eb23f64817ae0a80cc0f7d24841912c66fe587b55ce"
        },
        {
          "alg" : "SHA-384",
          "content" : "cf60ae5ef40aa1f4942d2f38f75ac71298946df20111b9291bf1a7de09e503631e284a3dfa56972c07a9f65c9b8ac3bb"
        },
        {
          "alg" : "SHA3-384",
          "content" : "3e9d13c9ad0e8c1448198745bf725f51c7bc1919c3f74b0ad0904610bd6d39453e68a417da0c4273b302a23695a35ae1"
        },
        {
          "alg" : "SHA3-256",
          "content" : "162dc09700440621b9c135c8d3c08147811b18962329806cdd1727dc38c0e0f1"
        },
        {
          "alg" : "SHA3-512",
          "content" : "31ef7d414f3c818bf9a95ecf269096bfce5c67665210055161c72317641f86f76a93e322208fd19a3b16e034f4999b32083f8bd6f798d25f588e3941f3455e5f"
        }
      ],
      "licenses" : [
        {
          "license" : {
            "name" : "Broadcom Foundation License"
          }
        }
      ],
      "purl" : "pkg:maven/org.springframework/spring-aop@6.1.24?type=jar",
      "externalReferences" : [
        {
          "type" : "website",
          "url" : "https://github.com/spring-projects/spring-framework"
        },
        {
          "type" : "issue-tracker",
          "url" : "https://github.com/spring-projects/spring-framework/issues"
        },
        {
          "type" : "vcs",
          "url" : "https://github.com/spring-projects/spring-framework"
        }
      ]
    },
    {
      "type" : "library",
      "bom-ref" : "pkg:maven/org.aspectj/aspectjweaver@1.9.25?type=jar",
      "group" : "org.aspectj",
      "name" : "aspectjweaver",
      "version" : "1.9.25",
      "description" : "The AspectJ weaver applies aspects to Java classes. It can be used as a Java agent in order to apply load-time weaving (LTW) during class-loading and also contains the AspectJ runtime classes.",
      "scope" : "required",
      "hashes" : [
        {
          "alg" : "MD5",
          "content" : "89f51f6d89cafd0a827dd7180c0c7a72"
        },
        {
          "alg" : "SHA-1",
          "content" : "4919d90e19bf8f0f33318c01c93ba92d9a354b21"
        },
        {
          "alg" : "SHA-256",
          "content" : "a7ec6d1f7dd819d743e3a20f95609ec91e41f0b7b4e542b2ff62cfa0eb69b67e"
        },
        {
          "alg" : "SHA-512",
          "content" : "5303a0c38edbb1a9227ee99f0301acd14b9b35073c5fcdde0134eae6ade9a2c89a9e4956153e577d2d0dec32def23f195470618b0f5124796988c287a6481e2b"
        },
        {
          "alg" : "SHA-384",
          "content" : "3e70831986d739f7633bf50753521f84c14c88cd60ec5a4af930001e31875f7e3e9966d4b7b5af365d0c2efba70e4dcc"
        },
        {
          "alg" : "SHA3-384",
          "content" : "102b82bfcfad339a6c35a12f71dee54eb012c758b6b52cab775a83001801cf9c20d499ab3eb43073319bfc7f5d1d3e40"
        },
        {
          "alg" : "SHA3-256",
          "content" : "2ca94aea7689f29295e0e7e5886009e5a726c3590dc49c8bd0e2d4a800f22e6a"
        },
        {
          "alg" : "SHA3-512",
          "content" : "59e9e4df394d723fa2981b37c4addd428a6471f42d158db38c38223df4949f8a202a97ff77272a459dd892c4b7676dc25c95eed8387c1224cc5fd496f241bd59"
        }
      ],
      "licenses" : [
        {
          "license" : {
            "id" : "EPL-2.0"
          }
        }
      ],
      "purl" : "pkg:maven/org.aspectj/aspectjweaver@1.9.25?type=jar",
      "externalReferences" : [
        {
          "type" : "website",
          "url" : "https://www.eclipse.org/aspectj/"
        },
        {
          "type" : "distribution-intake",
          "url" : "https://oss.sonatype.org/service/local/staging/deploy/maven2/"
        },
        {
          "type" : "vcs",
          "url" : "https://github.com/eclipse/org.aspectj"
        }
      ]
    },
    {
      "type" : "library",
      "bom-ref" : "pkg:maven/org.springframework.boot/spring-boot-starter-jdbc@3.3.16?type=jar",
      "publisher" : "VMware, Inc.",
      "group" : "org.springframework.boot",
      "name" : "spring-boot-starter-jdbc",
      "version" : "3.3.16",
      "description" : "Starter for using JDBC with the HikariCP connection pool",
      "scope" : "required",
      "hashes" : [
        {
          "alg" : "MD5",
          "content" : "4af615885eabcab40560dec39e07a277"
        },
        {
          "alg" : "SHA-1",
          "content" : "73d7c352e877ec2bce704efa1c3d662d224af79e"
        },
        {
          "alg" : "SHA-256",
          "content" : "2e20d872870fa28bd42c7ea5e5fb32641837587ba1d31596e5effe5daba19834"
        },
        {
          "alg" : "SHA-512",
          "content" : "1846e649d92001a8020bf3efb37ca9d644f6d07447ea93db9b41e7065fcc984066e16767d8e578aff5768b4de690503720c9745421e57bc4da7b5d8e7e039711"
        },
        {
          "alg" : "SHA-384",
          "content" : "0168b43a6c69a4822536792da1bb7414928d6a11c7db8d11fd98c44a6b5c3755046c363d4a84834ffd803dd46e71a9ca"
        },
        {
          "alg" : "SHA3-384",
          "content" : "f49279a6219367aec185539e6690f522eb36bac6839c618ce75125dc1ced103702c354b068970932c9053a403ec0b9e4"
        },
        {
          "alg" : "SHA3-256",
          "content" : "2d2ecb1a3b0ef185acb53f0faf9c03b05586deee96648e9c5aa9a7fb5b919a20"
        },
        {
          "alg" : "SHA3-512",
          "content" : "bce5fb2609f2206a22a3827fa4789d0749912896882237096d32b6dda3ef262253242ce5a59bfdbb2ff135904ddbce703e02a7e986fd4efd4dcf1d29c57b3be3"
        }
      ],
      "licenses" : [
        {
          "license" : {
            "name" : "Broadcom Foundation License"
          }
        }
      ],
      "purl" : "pkg:maven/org.springframework.boot/spring-boot-starter-jdbc@3.3.16?type=jar",
      "externalReferences" : [
        {
          "type" : "website",
          "url" : "https://spring.io/projects/spring-boot"
        }
      ]
    },
    {
      "type" : "library",
      "bom-ref" : "pkg:maven/com.zaxxer/HikariCP@5.1.0?type=jar",
      "publisher" : "Zaxxer.com",
      "group" : "com.zaxxer",
      "name" : "HikariCP",
      "version" : "5.1.0",
      "description" : "Ultimate JDBC Connection Pool",
      "scope" : "required",
      "hashes" : [
        {
          "alg" : "MD5",
          "content" : "37404f82207a28141bd9b0fe6b1d0a16"
        },
        {
          "alg" : "SHA-1",
          "content" : "8c96e36c14461fc436bb02b264b96ef3ca5dca8c"
        },
        {
          "alg" : "SHA-256",
          "content" : "a47a6ee62379694ee52c30036f0931b72f9aee2a801d590341ed82bd839e2134"
        },
        {
          "alg" : "SHA-512",
          "content" : "90a78172e68a0d27a2fcce55f9f3e154d7dda81311e8cb59ca45da1f705522491f3627d547d91c496b40134128ff0d42c022d408f7cf6be5ee01fc1e3c7a02d9"
        },
        {
          "alg" : "SHA-384",
          "content" : "2cdbd745c85d9206ebfc57ab86fde5aef41a7095f9e7a9ce79e6864c8adb7b98dad51549d53c3e6c1f32020666c1585d"
        },
        {
          "alg" : "SHA3-384",
          "content" : "2e243c1868b36e37d39046d40c32828d0d53d1cf74c9937584d6ee370e64ee92f0c72a38097dfd42250d305d6bd3f72b"
        },
        {
          "alg" : "SHA3-256",
          "content" : "1235e636aa087bf4848b2c8bae99ef92c37664b7c365f3b7f86a1ba5685ffe72"
        },
        {
          "alg" : "SHA3-512",
          "content" : "bdf73d234a5f5c445f5aa07d274095a7aa91168100ce219661beae316d1bb8856852331c2725e497450bdf6c3383bcde9158ec267fadb65337be8a03a0e6eadc"
        }
      ],
      "licenses" : [
        {
          "license" : {
            "id" : "Apache-2.0"
          }
        }
      ],
      "purl" : "pkg:maven/com.zaxxer/HikariCP@5.1.0?type=jar",
      "externalReferences" : [
        {
          "type" : "website",
          "url" : "https://github.com/brettwooldridge/HikariCP"
        },
        {
          "type" : "distribution-intake",
          "url" : "https://oss.sonatype.org/service/local/staging/deploy/maven2/"
        },
        {
          "type" : "issue-tracker",
          "url" : "https://github.com/brettwooldridge/HikariCP/issues"
        },
        {
          "type" : "vcs",
          "url" : "https://github.com/brettwooldridge/HikariCP"
        }
      ]
    },
    {
      "type" : "library",
      "bom-ref" : "pkg:maven/org.springframework/spring-jdbc@6.1.24?type=jar",
      "publisher" : "Spring IO",
      "group" : "org.springframework",
      "name" : "spring-jdbc",
      "version" : "6.1.24",
      "description" : "Spring JDBC",
      "scope" : "required",
      "hashes" : [
        {
          "alg" : "MD5",
          "content" : "5abedbe3a5d4a02bf8c45064ed866c0e"
        },
        {
          "alg" : "SHA-1",
          "content" : "9f8aaf08a17dbcd4a4ce359616373823f07c9ee4"
        },
        {
          "alg" : "SHA-256",
          "content" : "2912b1d12c9e937b125040d339cb7e61e034d383ed280e244a240ce55ef17d57"
        },
        {
          "alg" : "SHA-512",
          "content" : "830163c22ddebeea5807e7ac5bf19526834980c3db7a84e875a96e2b071c09462d32c62635e2bca618184773ec3faeab370a8c7b8d46facda2f518bea9fee669"
        },
        {
          "alg" : "SHA-384",
          "content" : "c774e7f90b3163bd37a4cf925ce42d113b816628de400e59ccb0d0a8e45772aea0986792f6f9ed92b91cb7e212089d1f"
        },
        {
          "alg" : "SHA3-384",
          "content" : "212e56cd05827867a60f270c53f7e10504242002450db5783f521a2de1a2201190603235cb6547ef85dacf4ee3a53c6e"
        },
        {
          "alg" : "SHA3-256",
          "content" : "e57d4912f72ff2947733af45721988c0285cad48564d75565aa3b45e28863cdb"
        },
        {
          "alg" : "SHA3-512",
          "content" : "3ecb21daebe12e191da5c611aab6692f5ffb4140061c3eb0dc76992b3a1c4edb3dd539320f17432aa1a0413686720eb28bcce3d41de3f8e9a9e20d93fc833256"
        }
      ],
      "licenses" : [
        {
          "license" : {
            "name" : "Broadcom Foundation License"
          }
        }
      ],
      "purl" : "pkg:maven/org.springframework/spring-jdbc@6.1.24?type=jar",
      "externalReferences" : [
        {
          "type" : "website",
          "url" : "https://github.com/spring-projects/spring-framework"
        },
        {
          "type" : "issue-tracker",
          "url" : "https://github.com/spring-projects/spring-framework/issues"
        },
        {
          "type" : "vcs",
          "url" : "https://github.com/spring-projects/spring-framework"
        }
      ]
    },
    {
      "type" : "library",
      "bom-ref" : "pkg:maven/org.hibernate.orm/hibernate-core@6.5.3.Final?type=jar",
      "publisher" : "Hibernate.org",
      "group" : "org.hibernate.orm",
      "name" : "hibernate-core",
      "version" : "6.5.3.Final",
      "description" : "Hibernate's core ORM functionality",
      "scope" : "required",
      "hashes" : [
        {
          "alg" : "MD5",
          "content" : "7cee9d560d7ca13dd0fc4e6d5f34f9b7"
        },
        {
          "alg" : "SHA-1",
          "content" : "1e23c320a5d10f5eaecbd23095fca5c5c83c1fb5"
        },
        {
          "alg" : "SHA-256",
          "content" : "f79b5e5029a72e2f0ba7542591fba8305c9edbc0dbdc974541f2376ff1203422"
        },
        {
          "alg" : "SHA-512",
          "content" : "2dc78e0ac963876cf48ad8a97832255c5ffe4d9f7b3ae8e2ba4a6621f6042968aca350f9009a3dde476684cf606846bf24e081bcaa52f5c455db8e980d810e8a"
        },
        {
          "alg" : "SHA-384",
          "content" : "1a39c02810a1421c61261318509bb33cf1b21626b392eeff5936004e06c9eafdf5442150cb00d0b56d6d54a952a23fba"
        },
        {
          "alg" : "SHA3-384",
          "content" : "2ee1924a00ff49a315db08f2b07a18155df78f84214ea9f7961edd5261093cf2b2f3d16a206e2b9aa26e7486c2ee49fa"
        },
        {
          "alg" : "SHA3-256",
          "content" : "3ab7d0dd6470b165979486dc4bc3fcd5f21b118ef715cd354ee57bda975c4f0b"
        },
        {
          "alg" : "SHA3-512",
          "content" : "a6876b70625e10349a3fbb30de2a3e5cd15a851307211cff1f194a3469b19cc4867fe353b7df2fa7174fb9bcecb3e9dfa10d81e7b35624ab81438f11a15eede2"
        }
      ],
      "licenses" : [
        {
          "license" : {
            "id" : "LGPL-2.1-only",
            "url" : "https://opensource.org/licenses/LGPL-2.1"
          }
        }
      ],
      "purl" : "pkg:maven/org.hibernate.orm/hibernate-core@6.5.3.Final?type=jar",
      "externalReferences" : [
        {
          "type" : "website",
          "url" : "https://hibernate.org/orm"
        },
        {
          "type" : "issue-tracker",
          "url" : "https://hibernate.atlassian.net/browse/HHH"
        },
        {
          "type" : "vcs",
          "url" : "https://github.com/hibernate/hibernate-orm"
        }
      ]
    },
    {
      "type" : "library",
      "bom-ref" : "pkg:maven/jakarta.persistence/jakarta.persistence-api@3.1.0?type=jar",
      "publisher" : "Eclipse Foundation",
      "group" : "jakarta.persistence",
      "name" : "jakarta.persistence-api",
      "version" : "3.1.0",
      "description" : "Eclipse Enterprise for Java (EE4J) is an open source initiative to create standard APIs, implementations of those APIs, and technology compatibility kits for Java runtimes that enable development, deployment, and management of server-side and cloud-native applications.",
      "scope" : "required",
      "hashes" : [
        {
          "alg" : "MD5",
          "content" : "35a1b7dfb38cf44ff795be607b0e6b5b"
        },
        {
          "alg" : "SHA-1",
          "content" : "66901fa1c373c6aff65c13791cc11da72060a8d6"
        },
        {
          "alg" : "SHA-256",
          "content" : "475389446d35c6f46c565728b756dc508c284644ea2690644e0d8e7e339d42fd"
        },
        {
          "alg" : "SHA-512",
          "content" : "5ff83c6ade13eff5ca9daf7cf13bbba46a2c8aec3cc6ae4eea884026a081698d0425d18804147a075459c02480d25c88528a942bee3f6778a1e903a6a1fc8263"
        },
        {
          "alg" : "SHA-384",
          "content" : "4cb763868a36715a04572b9c6d2244edd8c25c11ceda62230f03e3d76e79c138cdeaa7bedc82b157f1dec59e20986e4c"
        },
        {
          "alg" : "SHA3-384",
          "content" : "ab5f8ae2862eaf372ea0f5f0d5ffc4a7849710e7344e1d8c4b8809ef68b929fae6d2334ed9086d56e52f536094c8c929"
        },
        {
          "alg" : "SHA3-256",
          "content" : "5f446cb10eabaa42f6b778b9204171afda6ddb8a0f5ce1d73fca12ff8a30f22e"
        },
        {
          "alg" : "SHA3-512",
          "content" : "b9a03156e740c39dc49f8dbe35c12ff723d2e2a84a99ca79cd0b24f97ec8d99ada2b7d02dc7108a8381e449f7726fb0d186535bd4c0874ef4f8036ef05f075cd"
        }
      ],
      "licenses" : [
        {
          "license" : {
            "id" : "EPL-2.0"
          }
        },
        {
          "license" : {
            "id" : "BSD-3-Clause"
          }
        }
      ],
      "purl" : "pkg:maven/jakarta.persistence/jakarta.persistence-api@3.1.0?type=jar",
      "externalReferences" : [
        {
          "type" : "website",
          "url" : "https://github.com/eclipse-ee4j/jpa-api"
        },
        {
          "type" : "distribution-intake",
          "url" : "https://jakarta.oss.sonatype.org/service/local/staging/deploy/maven2/"
        },
        {
          "type" : "issue-tracker",
          "url" : "https://github.com/eclipse-ee4j/jpa-api/issues"
        },
        {
          "type" : "mailing-list",
          "url" : "https://dev.eclipse.org/mhonarc/lists/jpa-dev/"
        },
        {
          "type" : "vcs",
          "url" : "https://github.com/eclipse-ee4j/jpa-api.git"
        }
      ]
    },
    {
      "type" : "library",
      "bom-ref" : "pkg:maven/jakarta.transaction/jakarta.transaction-api@2.0.1?type=jar",
      "publisher" : "EE4J Community",
      "group" : "jakarta.transaction",
      "name" : "jakarta.transaction-api",
      "version" : "2.0.1",
      "description" : "Jakarta Transactions",
      "scope" : "required",
      "hashes" : [
        {
          "alg" : "MD5",
          "content" : "5315974a3935e342b40849478e1c9966"
        },
        {
          "alg" : "SHA-1",
          "content" : "51a520e3fae406abb84e2e1148e6746ce3f80a1a"
        },
        {
          "alg" : "SHA-256",
          "content" : "50c0a7c760c13ae6c042acf182b28f0047413db95b4636fb8879bcffab5ba875"
        },
        {
          "alg" : "SHA-512",
          "content" : "13c1a21af3c8030794155a62b4cdc70ba1d951fbfc0aead9e89f3f529e7bb4473a070bd4a6c593ce1c0cfb781332bd62d21cf0b34e3751f99b0de463f566ec61"
        },
        {
          "alg" : "SHA-384",
          "content" : "9484a0adc05a5ea5377f6037ac2d1efa1d59d172ac03b683580f7d3e542d6e26779128dd1a7fab41f7061156f66c3b44"
        },
        {
          "alg" : "SHA3-384",
          "content" : "064434509905dcaaeebd4e1eaeb26446cb911ff74f30d49e1b0c7f29a0e62fd9f5b84114129ec845eb99cc37cc4b5048"
        },
        {
          "alg" : "SHA3-256",
          "content" : "7d865d16dc3e2a2b7e097a305a33f7fd419ec4dcea2df1e278b66a74e59325bd"
        },
        {
          "alg" : "SHA3-512",
          "content" : "efe99bb4d2397b5d004b7aac679ec2ea0c13ce6c06fdcaec56b12f07d5938ac5f07df2937478b551955382612e2544819ea7f5827e0f6ea2726bbc1643dfdab3"
        }
      ],
      "licenses" : [
        {
          "license" : {
            "id" : "EPL-2.0"
          }
        },
        {
          "license" : {
            "id" : "GPL-2.0-with-classpath-exception"
          }
        }
      ],
      "purl" : "pkg:maven/jakarta.transaction/jakarta.transaction-api@2.0.1?type=jar",
      "externalReferences" : [
        {
          "type" : "website",
          "url" : "https://projects.eclipse.org/projects/ee4j.jta"
        },
        {
          "type" : "distribution-intake",
          "url" : "https://jakarta.oss.sonatype.org/service/local/staging/deploy/maven2/"
        },
        {
          "type" : "issue-tracker",
          "url" : "https://github.com/eclipse-ee4j/jta-api/issues"
        },
        {
          "type" : "mailing-list",
          "url" : "https://dev.eclipse.org/mhonarc/lists/jta-dev/"
        },
        {
          "type" : "vcs",
          "url" : "https://github.com/eclipse-ee4j/jta-api"
        }
      ]
    },
    {
      "type" : "library",
      "bom-ref" : "pkg:maven/org.jboss.logging/jboss-logging@3.5.3.Final?type=jar",
      "publisher" : "JBoss by Red Hat",
      "group" : "org.jboss.logging",
      "name" : "jboss-logging",
      "version" : "3.5.3.Final",
      "description" : "The JBoss Logging Framework",
      "scope" : "required",
      "hashes" : [
        {
          "alg" : "MD5",
          "content" : "ee7e24e94235c13f53392ecaa53f938c"
        },
        {
          "alg" : "SHA-1",
          "content" : "c88fc1d8a96d4c3491f55d4317458ccad53ca663"
        },
        {
          "alg" : "SHA-256",
          "content" : "7b119460de174195aca412dfed52ca0bbef0ece26c2d74301b6172cfadf4ff59"
        },
        {
          "alg" : "SHA-512",
          "content" : "cf3d5ccb791c3cf52d6af509056a1027cb6182a552b6fc66a593cf119812ba229f52d73f26f11555f248c8ef7ac45c11c27acb3c56dc73e627feee8b53275766"
        },
        {
          "alg" : "SHA-384",
          "content" : "1b266fa1a354f8ec938066db3f41b778c421d67150919213946c5022310a45fa37f7d81cd6ddbd3e0fdc97fb9db2beac"
        },
        {
          "alg" : "SHA3-384",
          "content" : "319213adb97dd49a5e1e2d76ac0f906624707580f7997c25c9ab0771a95a2d5110393d2c4cca4ef463b9ba6735d6a22a"
        },
        {
          "alg" : "SHA3-256",
          "content" : "0b8a39595fd082a12943142c8a856210a9edb38d7c4690b10e0fbf4b5310f517"
        },
        {
          "alg" : "SHA3-512",
          "content" : "d338491f03dddd461255aca2a054d414cfcddc8cc02546eb946941e3a2b6cb99b5a6e0f295059e34a0ed381d456c22ccce03644d7d19d41d99c2a61651b1e4a6"
        }
      ],
      "licenses" : [
        {
          "license" : {
            "id" : "Apache-2.0",
            "url" : "https://www.apache.org/licenses/LICENSE-2.0"
          }
        }
      ],
      "purl" : "pkg:maven/org.jboss.logging/jboss-logging@3.5.3.Final?type=jar",
      "externalReferences" : [
        {
          "type" : "website",
          "url" : "http://www.jboss.org"
        },
        {
          "type" : "distribution-intake",
          "url" : "https://repository.jboss.org/nexus/service/local/staging/deploy/maven2/"
        },
        {
          "type" : "issue-tracker",
          "url" : "https://issues.redhat.com/"
        },
        {
          "type" : "mailing-list",
          "url" : "http://lists.jboss.org/pipermail/jboss-user/"
        },
        {
          "type" : "vcs",
          "url" : "https://github.com/jboss-logging/jboss-logging/tree/main/"
        }
      ]
    },
    {
      "type" : "library",
      "bom-ref" : "pkg:maven/org.hibernate.common/hibernate-commons-annotations@6.0.6.Final?type=jar",
      "publisher" : "Hibernate.org",
      "group" : "org.hibernate.common",
      "name" : "hibernate-commons-annotations",
      "version" : "6.0.6.Final",
      "description" : "Common reflection code used in support of annotation processing",
      "scope" : "required",
      "hashes" : [
        {
          "alg" : "MD5",
          "content" : "c155df7d9f04d15f3f6bbe79f4907074"
        },
        {
          "alg" : "SHA-1",
          "content" : "77a5f94b56d49508e0ee334751db5b78e5ccd50c"
        },
        {
          "alg" : "SHA-256",
          "content" : "cd974e0a8481fafdbaf9b4a0f08bb5a6c969b0365482763eedf77e6fd7f493b7"
        },
        {
          "alg" : "SHA-512",
          "content" : "f670bfed87c66897660da90a3d94e4d21de8fb726757858d18d331999c3d223badc24af6437046f01e8c90f2b2427001500b9679f29c3465c402ae082a97712c"
        },
        {
          "alg" : "SHA-384",
          "content" : "0f8a875b2d1b632f3b5764be0ca9da4bc37757697984fa80ac74a31a7650f0923364f79f1f32a86da95023a58cf2915f"
        },
        {
          "alg" : "SHA3-384",
          "content" : "0b3a7da556b2b86cf986b2064c4cf137af69814c5fd541ae380cc794e93178d751998ed63a6f551fc549306863ed1000"
        },
        {
          "alg" : "SHA3-256",
          "content" : "aeb443cebd0d1cd733dfb67328675e9b872edbbb1383341af4e549494b171ddb"
        },
        {
          "alg" : "SHA3-512",
          "content" : "af9f75b63fb0a8e964c2a95c4ca9371b308a3ac49e4d891b4e0ad0af4fec862a3aa715180f57de04e56b1886d3088725cf259644e1e07a468912a8a1a7c92456"
        }
      ],
      "licenses" : [
        {
          "license" : {
            "id" : "LGPL-2.1-only",
            "url" : "https://opensource.org/licenses/LGPL-2.1"
          }
        }
      ],
      "purl" : "pkg:maven/org.hibernate.common/hibernate-commons-annotations@6.0.6.Final?type=jar",
      "externalReferences" : [
        {
          "type" : "website",
          "url" : "http://hibernate.org"
        },
        {
          "type" : "issue-tracker",
          "url" : "https://hibernate.atlassian.net/browse/HCANN"
        },
        {
          "type" : "vcs",
          "url" : "http://github.com/hibernate/hibernate-commons-annotations"
        }
      ]
    },
    {
      "type" : "library",
      "bom-ref" : "pkg:maven/io.smallrye/jandex@3.1.2?type=jar",
      "group" : "io.smallrye",
      "name" : "jandex",
      "version" : "3.1.2",
      "description" : "SmallRye Build Parent POM",
      "scope" : "required",
      "hashes" : [
        {
          "alg" : "MD5",
          "content" : "757ae579a3a52c03c3c60fbe393c086f"
        },
        {
          "alg" : "SHA-1",
          "content" : "a6c1c89925c7df06242b03dddb353116ceb9584c"
        },
        {
          "alg" : "SHA-256",
          "content" : "dee12fa1787d5523ed1a02d6c63b19e7aef6ac560f7c6d70595db01aa37e041e"
        },
        {
          "alg" : "SHA-512",
          "content" : "fa47891bf01ea727007f29f0265d28b536957171ea1e9af9a28b3715bbf9bf938562c3ea038c761d4ba0fd652db5772dd7c6cefd05299e25bf412a32e816d4f6"
        },
        {
          "alg" : "SHA-384",
          "content" : "11c526d42649c4ad06bdc237751d76ff2be43a47cc0e0a9b837e44ec18472e466b8197397049f935bac459b75a76389e"
        },
        {
          "alg" : "SHA3-384",
          "content" : "78f99a6edbe9555f49bac3eaa90f60b77c44acc57c9781da3f9e2e8877caf8d4d2e00d4644fcbb1d4130ff5ac436af4c"
        },
        {
          "alg" : "SHA3-256",
          "content" : "2b185d30b0878dfc1ce0a7b554f733f46da961292ccdf046979ce959fb8cf9dc"
        },
        {
          "alg" : "SHA3-512",
          "content" : "a251f9fc5ace3ddfe1bdea89c1ae824270774ddab7b64689ea64072942794ef4e0944b98ff4263a516562f8304ea3b2bc3c2f493bc798808a413277c0448775a"
        }
      ],
      "licenses" : [
        {
          "license" : {
            "id" : "Apache-2.0"
          }
        }
      ],
      "purl" : "pkg:maven/io.smallrye/jandex@3.1.2?type=jar",
      "externalReferences" : [
        {
          "type" : "website",
          "url" : "https://smallrye.io"
        },
        {
          "type" : "distribution-intake",
          "url" : "https://oss.sonatype.org/service/local/staging/deploy/maven2/"
        },
        {
          "type" : "issue-tracker",
          "url" : "https://github.com/smallrye/jandex/issues"
        },
        {
          "type" : "vcs",
          "url" : "https://github.com/smallrye/jandex/jandex/"
        }
      ]
    },
    {
      "type" : "library",
      "bom-ref" : "pkg:maven/com.fasterxml/classmate@1.7.1?type=jar",
      "publisher" : "fasterxml.com",
      "group" : "com.fasterxml",
      "name" : "classmate",
      "version" : "1.7.1",
      "description" : "Library for introspecting types with full generic information including resolving of field and method types.",
      "scope" : "required",
      "hashes" : [
        {
          "alg" : "MD5",
          "content" : "e64a0680ebc8facde9b4cc431cbc248c"
        },
        {
          "alg" : "SHA-1",
          "content" : "e803194e4362a2c0585087c5f315682897d12f00"
        },
        {
          "alg" : "SHA-256",
          "content" : "cc3299e5df4fc24180e69477c890d07d38db79dd2decc0ef20e74a986897c0a1"
        },
        {
          "alg" : "SHA-512",
          "content" : "77e9e3b80db08646a658dea9a3eef21260dd175d25b538675032daaaccc7c42c6161db37f0e5bf1040b20c7bceeae8e5afe1d37d29d007f00fda666e480defe0"
        },
        {
          "alg" : "SHA-384",
          "content" : "3283b4dbf828e9410c9b89b2b9522facb27f25459bc8eaa41a9f5e48ca781446c26f2c49c81fb6214841f2cfa216b3e0"
        },
        {
          "alg" : "SHA3-384",
          "content" : "1f0d5cec6548d756409c937e2ecbbee0d253909d10395517965d2bc52ee32df412c010dfef4865ec53f2db204e02cbbc"
        },
        {
          "alg" : "SHA3-256",
          "content" : "5400e7cd9b2f0b619a50689b075ae68765430344a24182023f053e7ee9646d13"
        },
        {
          "alg" : "SHA3-512",
          "content" : "ad25b33679bd41215dcae1d94b0a2a5a9a11479acafc84267c08e69b332cf8ab31687d3c9c825dd1218d48d9704c5f6aed7eae1a72c1d2885bcd0870c16e5092"
        }
      ],
      "licenses" : [
        {
          "license" : {
            "id" : "Apache-2.0"
          }
        }
      ],
      "purl" : "pkg:maven/com.fasterxml/classmate@1.7.1?type=jar",
      "externalReferences" : [
        {
          "type" : "website",
          "url" : "https://github.com/FasterXML/java-classmate"
        },
        {
          "type" : "distribution-intake",
          "url" : "https://central.sonatype.com/api/v1/publisher"
        },
        {
          "type" : "issue-tracker",
          "url" : "https://github.com/FasterXML/classmate/issues"
        },
        {
          "type" : "vcs",
          "url" : "https://github.com/FasterXML/java-classmate"
        }
      ]
    },
    {
      "type" : "library",
      "bom-ref" : "pkg:maven/net.bytebuddy/byte-buddy@1.14.19?type=jar",
      "group" : "net.bytebuddy",
      "name" : "byte-buddy",
      "version" : "1.14.19",
      "description" : "Byte Buddy is a Java library for creating Java classes at run time. This artifact is a build of Byte Buddy with all ASM dependencies repackaged into its own name space.",
      "scope" : "required",
      "hashes" : [
        {
          "alg" : "MD5",
          "content" : "745f8db2db7678ff12cb654343cee830"
        },
        {
          "alg" : "SHA-1",
          "content" : "4c0c637b8f47dc08f89240e6f59900011752c97b"
        },
        {
          "alg" : "SHA-256",
          "content" : "8415a44d841b2cdecdf5d73a05c29a8cf92dc2b60fca7ff7b3f21cd431b5a4ec"
        },
        {
          "alg" : "SHA-512",
          "content" : "b3b438c51836b316d504e30ec2d76924fb1961a25a0239c0c99ebe7a07d4fde3ffea8c64b91200c7f1d471302fcbf7e4eb4e3612642ba1518f4c87efa0d6a79c"
        },
        {
          "alg" : "SHA-384",
          "content" : "52e2eafd77548784c802a5b6f2cbdeb8ea10292d9ac319168125f6559689f5f2d4acb93af5664d06af82939c1bf86599"
        },
        {
          "alg" : "SHA3-384",
          "content" : "a1dbc484541ea62d096d82f66f01ca0ea19d35e91219059f151521d292dc8e68103f7548eec06f325d443cbc5fb56617"
        },
        {
          "alg" : "SHA3-256",
          "content" : "0dfad9e0a763a9a3d6ca200c2c556d2746003be708dbfdfb18f77a2e2dbb0577"
        },
        {
          "alg" : "SHA3-512",
          "content" : "926b12b2d87d46d97c636bcf42ea85f5002d02bc1d9b725c2ad16815f1faf04cd36865ffaf4dfacf0bbc3f3c081a1b6a3a08d5abd1819024a0d7eea21ea5ea1b"
        }
      ],
      "licenses" : [
        {
          "license" : {
            "id" : "Apache-2.0"
          }
        }
      ],
      "purl" : "pkg:maven/net.bytebuddy/byte-buddy@1.14.19?type=jar",
      "externalReferences" : [
        {
          "type" : "website",
          "url" : "https://bytebuddy.net/byte-buddy"
        },
        {
          "type" : "distribution-intake",
          "url" : "https://s01.oss.sonatype.org/service/local/staging/deploy/maven2"
        },
        {
          "type" : "issue-tracker",
          "url" : "https://github.com/raphw/byte-buddy/issues"
        }
      ]
    },
    {
      "type" : "library",
      "bom-ref" : "pkg:maven/jakarta.inject/jakarta.inject-api@2.0.1?type=jar",
      "publisher" : "Eclipse Foundation",
      "group" : "jakarta.inject",
      "name" : "jakarta.inject-api",
      "version" : "2.0.1",
      "description" : "Jakarta Dependency Injection",
      "scope" : "required",
      "hashes" : [
        {
          "alg" : "MD5",
          "content" : "72003bf6efcc8455d414bbd7da86c11c"
        },
        {
          "alg" : "SHA-1",
          "content" : "4c28afe1991a941d7702fe1362c365f0a8641d1e"
        },
        {
          "alg" : "SHA-256",
          "content" : "f7dc98062fccf14126abb751b64fab12c312566e8cbdc8483598bffcea93af7c"
        },
        {
          "alg" : "SHA-512",
          "content" : "f186b2ada470abba1cc3b4f8c4373d940fb7c71a051b2c26f7c204ad4dfb69235fbf3f9c33da36d744cb90f52d921c51d76c0ff263bacb35eafb66cab83dc47d"
        },
        {
          "alg" : "SHA-384",
          "content" : "405bd297a73901f013d48a0da028d04d400f3e61f4997c0e7297eb08120670a0e242e0002db8f130c33ab16cb02feb2d"
        },
        {
          "alg" : "SHA3-384",
          "content" : "4db7e54434d0a208c876868f5595b808f2728c0455feaa752ab7b569a2186fc37cb891c9aa0076de3d08f6da6ff06eba"
        },
        {
          "alg" : "SHA3-256",
          "content" : "3a5aba9f1ff1a130b76af886123eb375fa578498490df3dc60bb7ce7d59e9404"
        },
        {
          "alg" : "SHA3-512",
          "content" : "00bba8efc2d6e7f0a509b321868d75f1aaf0681a750d089d913bde8424ab7bb88aadf49de6e291e352523e4f8c117b1b48033ff31d4d665dcc43c4c6ea000ba9"
        }
      ],
      "licenses" : [
        {
          "license" : {
            "id" : "Apache-2.0"
          }
        }
      ],
      "purl" : "pkg:maven/jakarta.inject/jakarta.inject-api@2.0.1?type=jar",
      "externalReferences" : [
        {
          "type" : "website",
          "url" : "https://github.com/eclipse-ee4j/injection-api"
        },
        {
          "type" : "distribution-intake",
          "url" : "https://jakarta.oss.sonatype.org/service/local/staging/deploy/maven2/"
        },
        {
          "type" : "issue-tracker",
          "url" : "https://github.com/eclipse-ee4j/ee4j/issues"
        },
        {
          "type" : "mailing-list",
          "url" : "https://dev.eclipse.org/mhonarc/lists/jakarta.ee-community/"
        },
        {
          "type" : "vcs",
          "url" : "https://github.com/eclipse-ee4j/injection-api"
        }
      ]
    },
    {
      "type" : "library",
      "bom-ref" : "pkg:maven/org.antlr/antlr4-runtime@4.13.0?type=jar",
      "publisher" : "ANTLR",
      "group" : "org.antlr",
      "name" : "antlr4-runtime",
      "version" : "4.13.0",
      "description" : "The ANTLR 4 Runtime",
      "scope" : "required",
      "hashes" : [
        {
          "alg" : "MD5",
          "content" : "bff95723c494b332b14575d713a65df4"
        },
        {
          "alg" : "SHA-1",
          "content" : "5a02e48521624faaf5ff4d99afc88b01686af655"
        },
        {
          "alg" : "SHA-256",
          "content" : "bd7f7b5d07bc0b047f10915b32ca4bb1de9e57d8049098882e4453c88c076a5d"
        },
        {
          "alg" : "SHA-512",
          "content" : "a0ae6db0be7d6d76682bcbfb82d105ec43a2b1625fadd97ce8438b50e326c7be4297963969739dd72bc43290add10da24d57c6c278215658dcc309cb98fa60c3"
        },
        {
          "alg" : "SHA-384",
          "content" : "d282c995bd1c829d75ca0731c2063246d583739b93375bdd23d371d89de4b7ab5365329d1fc7652f2c3cd94e73c52db9"
        },
        {
          "alg" : "SHA3-384",
          "content" : "02a362b6c3e6b5468fe92d4081525f7f08587d654911bd1c2a10c37bb05477a7b0249305d485c5da76a24248fa9b067d"
        },
        {
          "alg" : "SHA3-256",
          "content" : "6ac25a1ab9d6b2b958abcb151eecd09fc952881854eb4d012e470f80d829cc4b"
        },
        {
          "alg" : "SHA3-512",
          "content" : "de3ed97a20d95dc33479f38f541c2617656b675bef8e89b35cd67e7ecea74a0548a3aebfa2ed87a26234e3b40289df21f807cc660dc3af57ec72f19421a61ab1"
        }
      ],
      "licenses" : [
        {
          "license" : {
            "id" : "BSD-3-Clause",
            "url" : "https://opensource.org/licenses/BSD-3-Clause"
          }
        }
      ],
      "purl" : "pkg:maven/org.antlr/antlr4-runtime@4.13.0?type=jar",
      "externalReferences" : [
        {
          "type" : "website",
          "url" : "https://www.antlr.org/antlr4-runtime/"
        },
        {
          "type" : "distribution-intake",
          "url" : "https://oss.sonatype.org/service/local/staging/deploy/maven2/"
        },
        {
          "type" : "issue-tracker",
          "url" : "https://github.com/antlr/antlr4/issues"
        },
        {
          "type" : "mailing-list",
          "url" : "https://groups.google.com/forum/?fromgroups#!forum/antlr-discussion"
        },
        {
          "type" : "vcs",
          "url" : "https://github.com/antlr/antlr4/tree/master/antlr4-runtime"
        }
      ]
    },
    {
      "type" : "library",
      "bom-ref" : "pkg:maven/org.springframework.data/spring-data-jpa@3.3.15?type=jar",
      "publisher" : "Pivotal Software, Inc.",
      "group" : "org.springframework.data",
      "name" : "spring-data-jpa",
      "version" : "3.3.15",
      "description" : "Spring Data module for JPA repositories.",
      "scope" : "required",
      "hashes" : [
        {
          "alg" : "MD5",
          "content" : "338f4f37c2c00d8bf7f5a083348d92a8"
        },
        {
          "alg" : "SHA-1",
          "content" : "5c274f06d3d2cdbb665c8612b26032635ac071a4"
        },
        {
          "alg" : "SHA-256",
          "content" : "ad844c832b03a99ef31593d74ff8adfade109db88762d0764a35bf1a2f6ebff8"
        },
        {
          "alg" : "SHA-512",
          "content" : "d9e5d104a7df3ec20c683ff7b8833e7db76fe64c6e95987bb958ba0110665e28e07273127cdafb35752fc620a15b9656f3382e076b8a5ac990ff10d6e992fb90"
        },
        {
          "alg" : "SHA-384",
          "content" : "cef0475f8dcb1d5d1df6494031115aeb659837efb72abe6188780193fd4f29ec7480838ae64b6db389e350a4371518d4"
        },
        {
          "alg" : "SHA3-384",
          "content" : "4953493c45f201cd9ba70790b93b86f8ffecb0355bee8bee2a958962a4b47f646cd8bafc1a1f8d0cddf9aa54d640ba3d"
        },
        {
          "alg" : "SHA3-256",
          "content" : "afc2687a23f5861b581f2af2f197ff4f2828f554cf80d66b4453b58c37769065"
        },
        {
          "alg" : "SHA3-512",
          "content" : "7ea2258871e64c424ca4d2df468a5b7d6175e71bc029d19938e0a9ee565384bc79b6760d0144489700523452cb22737a5db0ab9b74de39717d9e962d4b10890a"
        }
      ],
      "licenses" : [
        {
          "license" : {
            "name" : "Broadcom Foundation License"
          }
        }
      ],
      "purl" : "pkg:maven/org.springframework.data/spring-data-jpa@3.3.15?type=jar",
      "externalReferences" : [
        {
          "type" : "website",
          "url" : "https://projects.spring.io/spring-data-jpa"
        },
        {
          "type" : "issue-tracker",
          "url" : "https://github.com/spring-projects/spring-data-build-commercial/issues"
        },
        {
          "type" : "vcs",
          "url" : "https://github.com/spring-projects/spring-data-build-commercial/spring-data-parent/spring-data-jpa-parent/spring-data-jpa"
        }
      ]
    },
    {
      "type" : "library",
      "bom-ref" : "pkg:maven/org.springframework.data/spring-data-commons@3.3.15?type=jar",
      "publisher" : "Pivotal Software, Inc.",
      "group" : "org.springframework.data",
      "name" : "spring-data-commons",
      "version" : "3.3.15",
      "description" : "Core Spring concepts underpinning every Spring Data module.",
      "scope" : "required",
      "hashes" : [
        {
          "alg" : "MD5",
          "content" : "fd2b49c7fa9e299790183df354cb9cfc"
        },
        {
          "alg" : "SHA-1",
          "content" : "fc3ba5e0cae541044ba2bcde83133cdc1f439c3a"
        },
        {
          "alg" : "SHA-256",
          "content" : "f5efaa2c68d48a913531c72868e8b57c32b9ab0937d263f27becbf523cd8ead0"
        },
        {
          "alg" : "SHA-512",
          "content" : "f299a66c06cd756ff2500decf28e64665e90ddab96ab663ad0a15e3872ed7cebec94dfff2d3f8b4a0b27b618bc6d8c3d7f6234b4eb6aa3bfb60784148c766d3c"
        },
        {
          "alg" : "SHA-384",
          "content" : "7231ddd052d5413e769c344cfaecba4a3fc8c41e7aa034b38fddae631918a80c11c841997c86240579f20c0b20f15a03"
        },
        {
          "alg" : "SHA3-384",
          "content" : "40ceb6dc2111dfa066cc8ce97e646d788c3997820d0f43952c7e89db5b6371c91426ae5ca2d2166cc132577b9031854f"
        },
        {
          "alg" : "SHA3-256",
          "content" : "682c4604e25ff900561f7204fe77725fdc89270bac9f08e843058805818e1601"
        },
        {
          "alg" : "SHA3-512",
          "content" : "886b3cf76581913ebabeae9d8dbe17045e5736df7a3df84bc4bbf2def36617ed37e3230a6cf51153d84e5d43c94662a66ff033ceeccd20222dbcf30328eb311a"
        }
      ],
      "licenses" : [
        {
          "license" : {
            "name" : "Broadcom Foundation License"
          }
        }
      ],
      "purl" : "pkg:maven/org.springframework.data/spring-data-commons@3.3.15?type=jar",
      "externalReferences" : [
        {
          "type" : "website",
          "url" : "https://spring.io/projects/spring-data"
        },
        {
          "type" : "issue-tracker",
          "url" : "https://github.com/spring-projects/spring-data-build-commercial/issues"
        },
        {
          "type" : "vcs",
          "url" : "https://github.com/spring-projects/spring-data-build-commercial/spring-data-parent/spring-data-commons"
        }
      ]
    },
    {
      "type" : "library",
      "bom-ref" : "pkg:maven/org.springframework/spring-orm@6.1.24?type=jar",
      "publisher" : "Spring IO",
      "group" : "org.springframework",
      "name" : "spring-orm",
      "version" : "6.1.24",
      "description" : "Spring Object/Relational Mapping",
      "scope" : "required",
      "hashes" : [
        {
          "alg" : "MD5",
          "content" : "278dc570aa70fb18d40df900cd3d667c"
        },
        {
          "alg" : "SHA-1",
          "content" : "59efbe0648ad54c9bfb78c68baec120614c8c3a9"
        },
        {
          "alg" : "SHA-256",
          "content" : "ac8ca93c45ee742fd08def759444706677d1768c6f13da6eb81e7eb19309935f"
        },
        {
          "alg" : "SHA-512",
          "content" : "31f216748b8171d8ffd84777f9c8090099049d48b86496748825a356bbd5a4b91bb52569e488b17bfdd70ced329888ad87edb5cd2d597941f3b6fce94d915636"
        },
        {
          "alg" : "SHA-384",
          "content" : "9f79bc0dcc1c763071ca491553762d1bcd532a87238b8130662dbca822ff05b7872c90ec1a61c8c34b5ecd07654b1e12"
        },
        {
          "alg" : "SHA3-384",
          "content" : "954bea58fa4a92d6ad1f73a6548340bbf13d4e4ef594d52fa350cec2979411dd83eb37ffc6bf52366f99c4f6cd36e0b1"
        },
        {
          "alg" : "SHA3-256",
          "content" : "5271aeea2ba784e08b472afc44a27f65194bea257184eeb832416ea1a94848ae"
        },
        {
          "alg" : "SHA3-512",
          "content" : "35926a197b538605e4fe7ca74b94c160c93f5f959a9a73da5e23cbcac62e6193e10ab67b747e0a6151b5f64cd1ced5b90b7159835119839de3845515654805da"
        }
      ],
      "licenses" : [
        {
          "license" : {
            "name" : "Broadcom Foundation License"
          }
        }
      ],
      "purl" : "pkg:maven/org.springframework/spring-orm@6.1.24?type=jar",
      "externalReferences" : [
        {
          "type" : "website",
          "url" : "https://github.com/spring-projects/spring-framework"
        },
        {
          "type" : "issue-tracker",
          "url" : "https://github.com/spring-projects/spring-framework/issues"
        },
        {
          "type" : "vcs",
          "url" : "https://github.com/spring-projects/spring-framework"
        }
      ]
    },
    {
      "type" : "library",
      "bom-ref" : "pkg:maven/org.springframework/spring-tx@6.1.24?type=jar",
      "publisher" : "Spring IO",
      "group" : "org.springframework",
      "name" : "spring-tx",
      "version" : "6.1.24",
      "description" : "Spring Transaction",
      "scope" : "required",
      "hashes" : [
        {
          "alg" : "MD5",
          "content" : "3f3ff948b479317e61438a01de7e2aa4"
        },
        {
          "alg" : "SHA-1",
          "content" : "32264a473bfc0524a1a11c2188709f78d3afea5a"
        },
        {
          "alg" : "SHA-256",
          "content" : "850c2c47eaefe499bafeff500c91430ead2a1c70086623a57f28aded595461fd"
        },
        {
          "alg" : "SHA-512",
          "content" : "1d2011c5a64504bc42045adc7cc8c78c02d5c244e75ec7548239d2d64232d1902a2acd8603b72fb3a1540cc605bec2e692362c86e5778a6f85a093db47d340b3"
        },
        {
          "alg" : "SHA-384",
          "content" : "29abf8fa29168938149c971fcd9a8943edd4b0249af3908da4fbbc66332c6a25b334ef377e056403c342735bded2d052"
        },
        {
          "alg" : "SHA3-384",
          "content" : "fe83642e4ee7d8f3c7068111a089bad7f4fbde5b48702fee0865af17f48b78b914643f9bde7191b50cbc3577a0c1260a"
        },
        {
          "alg" : "SHA3-256",
          "content" : "ab73e31622277b8ed05be54c873d3554e8e5bb5f62f97162c7615805b4bdf358"
        },
        {
          "alg" : "SHA3-512",
          "content" : "0cf4d53439651c07d81ecb7d274e5391337670ec30cd9a6551eef68d7a7fb13231a50edb39f7bb4f4381390d75ce2d219f8c93357bddf6f87374d8ae2144af1a"
        }
      ],
      "licenses" : [
        {
          "license" : {
            "name" : "Broadcom Foundation License"
          }
        }
      ],
      "purl" : "pkg:maven/org.springframework/spring-tx@6.1.24?type=jar",
      "externalReferences" : [
        {
          "type" : "website",
          "url" : "https://github.com/spring-projects/spring-framework"
        },
        {
          "type" : "issue-tracker",
          "url" : "https://github.com/spring-projects/spring-framework/issues"
        },
        {
          "type" : "vcs",
          "url" : "https://github.com/spring-projects/spring-framework"
        }
      ]
    },
    {
      "type" : "library",
      "bom-ref" : "pkg:maven/org.springframework/spring-aspects@6.1.24?type=jar",
      "publisher" : "Spring IO",
      "group" : "org.springframework",
      "name" : "spring-aspects",
      "version" : "6.1.24",
      "description" : "Spring Aspects",
      "scope" : "required",
      "hashes" : [
        {
          "alg" : "MD5",
          "content" : "f305bfd765e2c50c53682f8d49768104"
        },
        {
          "alg" : "SHA-1",
          "content" : "0e2d41c5847ac46e11f23e64c234e5257aa0d040"
        },
        {
          "alg" : "SHA-256",
          "content" : "7e713692725c8459f730bc1026f48ca9ba02343f9c9df5d5f02d38a3396bf573"
        },
        {
          "alg" : "SHA-512",
          "content" : "1438b43a0e9d94aae3287a6f44ffee81c07945d5b2393f0ee12ea6c9f086056bb43319986a13f1c84b5844ff03e1bd6a9afdcfd848df481629efc8cb59cbd11e"
        },
        {
          "alg" : "SHA-384",
          "content" : "972f9f26c84f3f9ad891ac070d2edb21d0c58ae8aa6ec7f9b9ddf622f93a62a6b543947e3c9de9462a36c90c8295ce89"
        },
        {
          "alg" : "SHA3-384",
          "content" : "fb69b2000c1f08453abb19f60cac429efe7e9fd34ee68b0c302b61e26bbc1ed9f68742801b438f10d6b76276c546e0c4"
        },
        {
          "alg" : "SHA3-256",
          "content" : "684d2a876af4a5c47075e243812aed53876e4b5709a6be2794165ab5cff241c4"
        },
        {
          "alg" : "SHA3-512",
          "content" : "fcd0cac662c2c57d2641a71bcd6a0943a8ae066d9e21959bb3e6d8a276e6cacf5a17d9b254de253e421a6d45ddfd3a2ef9e5f88535e1af5755cb5eb7f1a542cb"
        }
      ],
      "licenses" : [
        {
          "license" : {
            "name" : "Broadcom Foundation License"
          }
        }
      ],
      "purl" : "pkg:maven/org.springframework/spring-aspects@6.1.24?type=jar",
      "externalReferences" : [
        {
          "type" : "website",
          "url" : "https://github.com/spring-projects/spring-framework"
        },
        {
          "type" : "issue-tracker",
          "url" : "https://github.com/spring-projects/spring-framework/issues"
        },
        {
          "type" : "vcs",
          "url" : "https://github.com/spring-projects/spring-framework"
        }
      ]
    },
    {
      "type" : "library",
      "bom-ref" : "pkg:maven/org.springframework.boot/spring-boot-starter-web@3.3.16?type=jar",
      "publisher" : "VMware, Inc.",
      "group" : "org.springframework.boot",
      "name" : "spring-boot-starter-web",
      "version" : "3.3.16",
      "description" : "Starter for building web, including RESTful, applications using Spring MVC. Uses Tomcat as the default embedded container",
      "scope" : "required",
      "hashes" : [
        {
          "alg" : "MD5",
          "content" : "1122799fcfb525cd32f86deedc29d527"
        },
        {
          "alg" : "SHA-1",
          "content" : "0f4c6fafb11d4aa6c5988ab505aefd073fec87cf"
        },
        {
          "alg" : "SHA-256",
          "content" : "ff5401914c6896c1ff90cd61ed538d1dd42d3e59d4b68f014544514b55836b44"
        },
        {
          "alg" : "SHA-512",
          "content" : "069b462e726414d52250532231a9326ec9574e9706d236f84e638fb8a887e9dbabb511eda2a1bdeb3d32e32e877f44986bceaeb51affd1afdfb785c5a33c8f80"
        },
        {
          "alg" : "SHA-384",
          "content" : "079f5f2555a02358ef674be255b1d00239b68af86c555db4c8e6633578f10b6e5ecdd776e445e6265765410c19b982eb"
        },
        {
          "alg" : "SHA3-384",
          "content" : "984be1c2fd4a728f3a6fbafd4e5ebe339addd05c657b598d438ad0c39fca941d1cd9d4212dff7f13c358daf163d4be88"
        },
        {
          "alg" : "SHA3-256",
          "content" : "1201749cf72c7fdf40599721279d85967426c29c00327daec4ef51a7f2e65f9b"
        },
        {
          "alg" : "SHA3-512",
          "content" : "044b74ea1535d702dc3ae9a7ea52f55cbe5d91d5ee13efebabd1a2f8c29f284782cbd55e7cd027a4d2380efa65843ada901ba7849d08a6d6940d39e34ac170bc"
        }
      ],
      "licenses" : [
        {
          "license" : {
            "name" : "Broadcom Foundation License"
          }
        }
      ],
      "purl" : "pkg:maven/org.springframework.boot/spring-boot-starter-web@3.3.16?type=jar",
      "externalReferences" : [
        {
          "type" : "website",
          "url" : "https://spring.io/projects/spring-boot"
        }
      ]
    },
    {
      "type" : "library",
      "bom-ref" : "pkg:maven/org.springframework.boot/spring-boot-starter-json@3.3.16?type=jar",
      "publisher" : "VMware, Inc.",
      "group" : "org.springframework.boot",
      "name" : "spring-boot-starter-json",
      "version" : "3.3.16",
      "description" : "Starter for reading and writing json",
      "scope" : "required",
      "hashes" : [
        {
          "alg" : "MD5",
          "content" : "faaf275b8739124ab35e45dacf601bdb"
        },
        {
          "alg" : "SHA-1",
          "content" : "ff33bf019452257f8ab48f90d8c6d273f936d9e1"
        },
        {
          "alg" : "SHA-256",
          "content" : "1c9e6591c83bac285a993c2969f68e545e196d7f001613118554d9c527f873c0"
        },
        {
          "alg" : "SHA-512",
          "content" : "13f6336ce180a53d3bfacc9aa8120d9d668b1ddd099a98dc71fa8cf1596d21b5bac3109f4ba549a458629b966b9d06a93512a4951497ac1e2d2954c564e0c15f"
        },
        {
          "alg" : "SHA-384",
          "content" : "29fc1e3a59017bcb1dd8772e5b098a7d88d9fe9c82f30c4bf3f1713d48a119d4f474b3c270a458a29adc84f87901d017"
        },
        {
          "alg" : "SHA3-384",
          "content" : "5cd8498e38d76913b5ef1e436068c9a0065db67f8e7ddd5edb22fa6477943b2c9c4fa10fa9f818f8666d6be7b085e7ea"
        },
        {
          "alg" : "SHA3-256",
          "content" : "3a69c96dbd7ad83817487746ca8e5e3047d6ac112d7ee3105c90fa82f2a5688e"
        },
        {
          "alg" : "SHA3-512",
          "content" : "8df505efdb9c503a184c2c0b17e26913284b9bceaa3b459e1566a73d9c7eccd9df5e314d06c37069bae05a947eccacc14b0f37169e8e4ef5023ebe75ced3fc1e"
        }
      ],
      "licenses" : [
        {
          "license" : {
            "name" : "Broadcom Foundation License"
          }
        }
      ],
      "purl" : "pkg:maven/org.springframework.boot/spring-boot-starter-json@3.3.16?type=jar",
      "externalReferences" : [
        {
          "type" : "website",
          "url" : "https://spring.io/projects/spring-boot"
        }
      ]
    },
    {
      "type" : "library",
      "bom-ref" : "pkg:maven/com.fasterxml.jackson.datatype/jackson-datatype-jdk8@2.17.3?type=jar",
      "publisher" : "FasterXML",
      "group" : "com.fasterxml.jackson.datatype",
      "name" : "jackson-datatype-jdk8",
      "version" : "2.17.3",
      "description" : "Add-on module for Jackson (https://github.com/FasterXML/jackson) to support JDK 8 data types.",
      "scope" : "required",
      "hashes" : [
        {
          "alg" : "MD5",
          "content" : "ae9824e8bd6f39c92e5feaec026bed39"
        },
        {
          "alg" : "SHA-1",
          "content" : "2b8b1894dc9798e761bd565df51ef1fc44c75a2a"
        },
        {
          "alg" : "SHA-256",
          "content" : "b7207c1df9d89e95efd23793d3a13b1295bec0d9be58b3582ea0dff6cb096fa2"
        },
        {
          "alg" : "SHA-512",
          "content" : "a1d754b5cd0d8b4fc6554f66ff3e50d807fb51974d6b917c0d02f071fe25cbae30d03be006ed4013e7f5a68c89f8c5efe95b43756899ad4907669738f06007f9"
        },
        {
          "alg" : "SHA-384",
          "content" : "80d9fddbb6ee9f49f74da2bbbbd7d9caf58a1d589937482e21cb93405e58162568cff30ab2eea635126a4a5c55c3f9cb"
        },
        {
          "alg" : "SHA3-384",
          "content" : "84b495c58e06a99b3ad1ca83927c998d0f146783419efc9f07f0610090050678ee661bd93c9d73fa9b1bb7dcc9b2949c"
        },
        {
          "alg" : "SHA3-256",
          "content" : "0c2f60633b9288b219efed03287d857e98923d2c80ff326c7eba5d96d2b13712"
        },
        {
          "alg" : "SHA3-512",
          "content" : "75dc0360b73a657f4b01b58df29ae6e65122c5106903cabd9e93cfcc6d815439526c00bccf4a8cdb744d11da566b64802d568fc08a24c95afd1833d12c255be0"
        }
      ],
      "licenses" : [
        {
          "license" : {
            "id" : "Apache-2.0"
          }
        }
      ],
      "purl" : "pkg:maven/com.fasterxml.jackson.datatype/jackson-datatype-jdk8@2.17.3?type=jar",
      "externalReferences" : [
        {
          "type" : "website",
          "url" : "https://github.com/FasterXML/jackson-modules-java8/jackson-datatype-jdk8"
        },
        {
          "type" : "distribution-intake",
          "url" : "https://oss.sonatype.org/service/local/staging/deploy/maven2/"
        },
        {
          "type" : "issue-tracker",
          "url" : "https://github.com/FasterXML/jackson-modules-java8/issues"
        },
        {
          "type" : "vcs",
          "url" : "http://github.com/FasterXML/jackson-modules-java8/jackson-datatype-jdk8"
        }
      ]
    },
    {
      "type" : "library",
      "bom-ref" : "pkg:maven/com.fasterxml.jackson.module/jackson-module-parameter-names@2.17.3?type=jar",
      "publisher" : "FasterXML",
      "group" : "com.fasterxml.jackson.module",
      "name" : "jackson-module-parameter-names",
      "version" : "2.17.3",
      "description" : "Add-on module for Jackson (https://github.com/FasterXML/jackson) to support introspection of method/constructor parameter names, without having to add explicit property name annotation.",
      "scope" : "required",
      "hashes" : [
        {
          "alg" : "MD5",
          "content" : "90455a9526c58171887fc2e721dc090e"
        },
        {
          "alg" : "SHA-1",
          "content" : "41feb893351163ee5b395358e5fe1404cd1c432d"
        },
        {
          "alg" : "SHA-256",
          "content" : "f736404f3a4dc554e7ec816caccfebc68e65d402c2de7ec3c4438f6895179467"
        },
        {
          "alg" : "SHA-512",
          "content" : "2bb0a9a61cc43d6aadb01fe4c77e4abb6dc9155e3ff263289890039ac6922085a1a91f00ca31b84101f904fb62d39251603e89f14ca8474ae47f96c7bab7d539"
        },
        {
          "alg" : "SHA-384",
          "content" : "ec26837b79b8e921db788129319ad0383d0aa338fbba8ba30373c2778279d927367f532966855ac8c7388ddee5bf9f17"
        },
        {
          "alg" : "SHA3-384",
          "content" : "1d41da8918da1a37a2641ac430d6b96e43fc93f6b2ff983e1235499c91b9447911cca117054f80648c55160203e8bfa8"
        },
        {
          "alg" : "SHA3-256",
          "content" : "ede0d6ea3ef45232e3d8e131d3c595967c0590356eb4af2de821fe9d8fcce362"
        },
        {
          "alg" : "SHA3-512",
          "content" : "ecc20665f1753aed0b9eb1867a406a4f4b490b9921350dbbe88d05a400fc68b70bd3943a1a2c430065593a62e3b7c930f33cafc9738d5dfc285d6c05661ff993"
        }
      ],
      "licenses" : [
        {
          "license" : {
            "id" : "Apache-2.0"
          }
        }
      ],
      "purl" : "pkg:maven/com.fasterxml.jackson.module/jackson-module-parameter-names@2.17.3?type=jar",
      "externalReferences" : [
        {
          "type" : "website",
          "url" : "https://github.com/FasterXML/jackson-modules-java8/jackson-module-parameter-names"
        },
        {
          "type" : "distribution-intake",
          "url" : "https://oss.sonatype.org/service/local/staging/deploy/maven2/"
        },
        {
          "type" : "issue-tracker",
          "url" : "https://github.com/FasterXML/jackson-modules-java8/issues"
        },
        {
          "type" : "vcs",
          "url" : "http://github.com/FasterXML/jackson-modules-java8/jackson-module-parameter-names"
        }
      ]
    },
    {
      "type" : "library",
      "bom-ref" : "pkg:maven/org.springframework.boot/spring-boot-starter-tomcat@3.3.16?type=jar",
      "publisher" : "VMware, Inc.",
      "group" : "org.springframework.boot",
      "name" : "spring-boot-starter-tomcat",
      "version" : "3.3.16",
      "description" : "Starter for using Tomcat as the embedded servlet container. Default servlet container starter used by spring-boot-starter-web",
      "scope" : "required",
      "hashes" : [
        {
          "alg" : "MD5",
          "content" : "df2d2bc6653083e84232dcdb8f7fcec2"
        },
        {
          "alg" : "SHA-1",
          "content" : "5a7d9784e3d57ff81830d090231299a46273f275"
        },
        {
          "alg" : "SHA-256",
          "content" : "ec0dee0edb77837d8a8e77eb5495592bd688a7e9f6d0ef0b706edb8a031316fb"
        },
        {
          "alg" : "SHA-512",
          "content" : "72bc177f1e048755be2e90db535e4065e429d8766f252a5d07ce0a38877f4e82e6cf62df019ea641be071f5902cd442d145a5b284ac886f0f4a2e2c49af605f5"
        },
        {
          "alg" : "SHA-384",
          "content" : "2110ffac4dfd34dc21eb747a67a9a06bf5520b74b2e6feb09ceb41b81cebbb69dd466ca70b53b1c9d4166396165369df"
        },
        {
          "alg" : "SHA3-384",
          "content" : "2b1c5495e1668d64f11f02c93f3571e26697874ab0ea3f0271a73af09766d360c7ce12ac8fe67cae7b92f70efdd1ece7"
        },
        {
          "alg" : "SHA3-256",
          "content" : "c6ad612187b0a8eef1e15f47b3fb9a9f763c6015dadf77d6adbbbce8f1503a2a"
        },
        {
          "alg" : "SHA3-512",
          "content" : "ed0df37012438215341d2e480f498de9e2e5216673adc6c87bac136696a19cf01508ccb7e6ecd44c97b31688822d787f3973e1c4b10b1353558b8ecee7a3e979"
        }
      ],
      "licenses" : [
        {
          "license" : {
            "name" : "Broadcom Foundation License"
          }
        }
      ],
      "purl" : "pkg:maven/org.springframework.boot/spring-boot-starter-tomcat@3.3.16?type=jar",
      "externalReferences" : [
        {
          "type" : "website",
          "url" : "https://spring.io/projects/spring-boot"
        }
      ]
    },
    {
      "type" : "library",
      "bom-ref" : "pkg:maven/org.apache.tomcat.embed/tomcat-embed-core@10.1.49?type=jar",
      "group" : "org.apache.tomcat.embed",
      "name" : "tomcat-embed-core",
      "version" : "10.1.49",
      "description" : "Core Tomcat implementation",
      "scope" : "required",
      "hashes" : [
        {
          "alg" : "MD5",
          "content" : "ad00fcff069b702556980ca5d9d06bba"
        },
        {
          "alg" : "SHA-1",
          "content" : "e307b4b4e7ef975f5358c01ed014c80b830f39f9"
        },
        {
          "alg" : "SHA-256",
          "content" : "1a9dd5b3d16c9dd5c183d12d4245daf0c7b56046eee74c3140597cdfad166fc3"
        },
        {
          "alg" : "SHA-512",
          "content" : "11c293257f5abd2417d80b63bd70d32e89b93fffa19a4953c6211abc51a696609bff037970c619c3baba9f9e829837ee7e9cf6191025437a525cfcaa4f9dc13b"
        },
        {
          "alg" : "SHA-384",
          "content" : "5036db6890e1fac9a34b2e4a21bf44e84df1d870e67d7138983761fe8028668ff3f9da25ff18e1760a469267fbd304d3"
        },
        {
          "alg" : "SHA3-384",
          "content" : "98d1f91d8f60e814b96433ba6f1bc73b58ff6c57efb91614e2aecffeda4d03ede5db329e023ab9868d906aee9ea969b0"
        },
        {
          "alg" : "SHA3-256",
          "content" : "857929a0d3bd66aae2e22f7b12bf316ad622e3ce635f8f91929a32315d4588d1"
        },
        {
          "alg" : "SHA3-512",
          "content" : "b2411bfe7a49794ce2b2184fa0d33bee5149211b8c8e32dced98cd5bed240af8682de1c051f8d966595d949af40e746cfc79a22a09ea90a0fca54dadea6527c2"
        }
      ],
      "licenses" : [
        {
          "license" : {
            "id" : "Apache-2.0"
          }
        }
      ],
      "purl" : "pkg:maven/org.apache.tomcat.embed/tomcat-embed-core@10.1.49?type=jar",
      "externalReferences" : [
        {
          "type" : "website",
          "url" : "https://tomcat.apache.org/"
        }
      ]
    },
    {
      "type" : "library",
      "bom-ref" : "pkg:maven/org.apache.tomcat.embed/tomcat-embed-websocket@10.1.49?type=jar",
      "group" : "org.apache.tomcat.embed",
      "name" : "tomcat-embed-websocket",
      "version" : "10.1.49",
      "description" : "Core Tomcat implementation",
      "scope" : "required",
      "hashes" : [
        {
          "alg" : "MD5",
          "content" : "ad9aab371b8a78e219c961074f1396ad"
        },
        {
          "alg" : "SHA-1",
          "content" : "9e89b260c504cb6c3be5e56707ef55869a684ed3"
        },
        {
          "alg" : "SHA-256",
          "content" : "06de9b3f4324af5bda5dab6b5668ca8c347b603cbfc16dc215bc5b1604881197"
        },
        {
          "alg" : "SHA-512",
          "content" : "03aa87d15e88668bb8eed98db9d1e049a7c1cbe766a49567e650645fb3842b5a93f3eaa43a973ca4e215cbf745c979241d23768ca289ffb99e5ff8f5da33fea3"
        },
        {
          "alg" : "SHA-384",
          "content" : "892a9d3e817438270021bd6a7af4adfa9f753970e3c923804623c7f35aa3ed40cda2051c664a299cf9a877ded9c70bd7"
        },
        {
          "alg" : "SHA3-384",
          "content" : "a45b9546c75a52d36b2e3ad0bcee4293727c91c2c53bbeeed9ecd3a8bf2c9e2fe754bc071515959b0d5923d10987ec8b"
        },
        {
          "alg" : "SHA3-256",
          "content" : "29b4f8d1f3cf8c995cac8eae3234835aa3486a218f0ce9500b4dcdd294f6b46b"
        },
        {
          "alg" : "SHA3-512",
          "content" : "2b9272d9d10997b433fa9cf1e29032640815c876efbeae8aa91a83951a34e355e07756789059facd3104fbd1cb8144132909b71d8f1cf5c48c0345aa482ce14c"
        }
      ],
      "licenses" : [
        {
          "license" : {
            "id" : "Apache-2.0"
          }
        }
      ],
      "purl" : "pkg:maven/org.apache.tomcat.embed/tomcat-embed-websocket@10.1.49?type=jar",
      "externalReferences" : [
        {
          "type" : "website",
          "url" : "https://tomcat.apache.org/"
        }
      ]
    },
    {
      "type" : "library",
      "bom-ref" : "pkg:maven/org.springframework/spring-web@6.1.24?type=jar",
      "publisher" : "Spring IO",
      "group" : "org.springframework",
      "name" : "spring-web",
      "version" : "6.1.24",
      "description" : "Spring Web",
      "scope" : "required",
      "hashes" : [
        {
          "alg" : "MD5",
          "content" : "5a84131ea799695e3b2e771a167a286c"
        },
        {
          "alg" : "SHA-1",
          "content" : "898ad24f1b6a433df71f15c169af4ab76a6bf17e"
        },
        {
          "alg" : "SHA-256",
          "content" : "48a01d164d5292c7b4e635707622513b8e5445a9b5df1242ef4c0226c3355e32"
        },
        {
          "alg" : "SHA-512",
          "content" : "587c485e8813d5ed980647fe085c7bdc12155d77bbcd828a16e3687f7f27e17dc3ab4fd5ba2f87b8e2f7a9204e0bac682807b5a0e4f001f6dd6bef61a14f296c"
        },
        {
          "alg" : "SHA-384",
          "content" : "4f3b98535ac75b4413de53c0cc4a8b91c24753cfd13b25267996065ff703f38f5120c2d97eb67168afe8b5accf2d73f5"
        },
        {
          "alg" : "SHA3-384",
          "content" : "baf72ee17f40afaedfc3a925b475756b8bf21d37673412a86587521a9b1f87d3225bab11897a1c4c8973b684fb28251f"
        },
        {
          "alg" : "SHA3-256",
          "content" : "969ddac3fa9bc8cd6495797a1546489a0f5708541f60862f418dee0f847a03ea"
        },
        {
          "alg" : "SHA3-512",
          "content" : "2da244db41da656b81ec4e7bc40806a1388bd828ab384b23f2d7ca27479e48f9ee8aad21f53e692f8f75ada67349cf8c1915375039f83d3741096e2d4727de73"
        }
      ],
      "licenses" : [
        {
          "license" : {
            "name" : "Broadcom Foundation License"
          }
        }
      ],
      "purl" : "pkg:maven/org.springframework/spring-web@6.1.24?type=jar",
      "externalReferences" : [
        {
          "type" : "website",
          "url" : "https://github.com/spring-projects/spring-framework"
        },
        {
          "type" : "issue-tracker",
          "url" : "https://github.com/spring-projects/spring-framework/issues"
        },
        {
          "type" : "vcs",
          "url" : "https://github.com/spring-projects/spring-framework"
        }
      ]
    },
    {
      "type" : "library",
      "bom-ref" : "pkg:maven/org.springframework/spring-webmvc@6.1.24?type=jar",
      "publisher" : "Spring IO",
      "group" : "org.springframework",
      "name" : "spring-webmvc",
      "version" : "6.1.24",
      "description" : "Spring Web MVC",
      "scope" : "required",
      "hashes" : [
        {
          "alg" : "MD5",
          "content" : "f93f1cc50c2d166b28a28deb71ec64b2"
        },
        {
          "alg" : "SHA-1",
          "content" : "6e984b44138e7548e8673292196053e3268bb86c"
        },
        {
          "alg" : "SHA-256",
          "content" : "cd3822ff2031f4fba40911d98c2aebb6fb906933e811417a250d6bc9bb41a938"
        },
        {
          "alg" : "SHA-512",
          "content" : "e9bb802da5addc18c2533b7ec7544832a3157890422b3bf692062509fec69dda708e8618dc2bd67278e856bd12bd97bc4bbae037941aa9a1304d3c9491d56a75"
        },
        {
          "alg" : "SHA-384",
          "content" : "21186686e8fb645c76818260edf7f16ad9b127ae16eed3707fe5eb2192317f5339b0183eeb6233fafe09c8929cf1217d"
        },
        {
          "alg" : "SHA3-384",
          "content" : "b4dcab1b0f593179ee261179b8850b908cd8d0a2b490bdae509ca1b8d8ba0aef55f1bbf9f167ed39df669775f91c5451"
        },
        {
          "alg" : "SHA3-256",
          "content" : "304cab2e241af9eb4ecc9788082a97c174ab6e954543857cee4a5294092acd51"
        },
        {
          "alg" : "SHA3-512",
          "content" : "205289e2368cca68f6bb026932f441534ec031d2a1d76952f7438d542fcf2ef32ff2179a2902d3b4a29329adaf7924fc11703b62ca872687d6c5409bd9cb4910"
        }
      ],
      "licenses" : [
        {
          "license" : {
            "name" : "Broadcom Foundation License"
          }
        }
      ],
      "purl" : "pkg:maven/org.springframework/spring-webmvc@6.1.24?type=jar",
      "externalReferences" : [
        {
          "type" : "website",
          "url" : "https://github.com/spring-projects/spring-framework"
        },
        {
          "type" : "issue-tracker",
          "url" : "https://github.com/spring-projects/spring-framework/issues"
        },
        {
          "type" : "vcs",
          "url" : "https://github.com/spring-projects/spring-framework"
        }
      ]
    },
    {
      "type" : "library",
      "bom-ref" : "pkg:maven/org.springframework/spring-expression@6.1.24?type=jar",
      "publisher" : "Spring IO",
      "group" : "org.springframework",
      "name" : "spring-expression",
      "version" : "6.1.24",
      "description" : "Spring Expression Language (SpEL)",
      "scope" : "required",
      "hashes" : [
        {
          "alg" : "MD5",
          "content" : "9b2e3a47b33ba5dffb05c9fe6659a16e"
        },
        {
          "alg" : "SHA-1",
          "content" : "e62551c62e7f39c2c75c18ee1f58820e25eb0a27"
        },
        {
          "alg" : "SHA-256",
          "content" : "a0712f44c8a7b175ece96014701711f0a227b86907247978d5766483f7371d42"
        },
        {
          "alg" : "SHA-512",
          "content" : "0f4a906e2e8735a744a077fcafa47c7187127f581d9287a6406b0fd1cd33e7ed0921f45e1284ed41890d78f25c1e271946813956d8c5489cc7f244c4dad6b240"
        },
        {
          "alg" : "SHA-384",
          "content" : "388807d551f5c15feca7273cb76a0aa1f124a80c563d73360c9ae477edd33fe4e503a0d1f36c41e5c616d8b4ca8c33a0"
        },
        {
          "alg" : "SHA3-384",
          "content" : "6c59854f3c9fec0cbcd7f140e6e81251ab436652290210ca9f2e8d4591e8c8a714c1d0217b758a3bd25d5556b264ca0e"
        },
        {
          "alg" : "SHA3-256",
          "content" : "83c6bb08d076c5048a2b12f80f600e20839a575fb4ebe1af5c8cee78ec4cb4b9"
        },
        {
          "alg" : "SHA3-512",
          "content" : "5a5924f99f9298590d0c8f82748818ec64f6699f5218b5db9d88867158703467bc99ebb5eacc86213b34d196a4e7e9e1e6fa48f6a566b62082d254b966f860dc"
        }
      ],
      "licenses" : [
        {
          "license" : {
            "name" : "Broadcom Foundation License"
          }
        }
      ],
      "purl" : "pkg:maven/org.springframework/spring-expression@6.1.24?type=jar",
      "externalReferences" : [
        {
          "type" : "website",
          "url" : "https://github.com/spring-projects/spring-framework"
        },
        {
          "type" : "issue-tracker",
          "url" : "https://github.com/spring-projects/spring-framework/issues"
        },
        {
          "type" : "vcs",
          "url" : "https://github.com/spring-projects/spring-framework"
        }
      ]
    },
    {
      "type" : "library",
      "bom-ref" : "pkg:maven/org.springframework.boot/spring-boot-starter-validation@3.3.16?type=jar",
      "publisher" : "VMware, Inc.",
      "group" : "org.springframework.boot",
      "name" : "spring-boot-starter-validation",
      "version" : "3.3.16",
      "description" : "Starter for using Java Bean Validation with Hibernate Validator",
      "scope" : "required",
      "hashes" : [
        {
          "alg" : "MD5",
          "content" : "aa403b0cff5757351b5f7674bde0fdb5"
        },
        {
          "alg" : "SHA-1",
          "content" : "5c9db1c26d40d3130d9c3976b54c69bb73e7a4b4"
        },
        {
          "alg" : "SHA-256",
          "content" : "46ba58999e49636ab96dfe19d2c9d5d988ce7b87d27beb6427c4b3576247dcf9"
        },
        {
          "alg" : "SHA-512",
          "content" : "7380d26d2d99f0bc8ee76dd415e0909bac8dc232604204bc44973dba8b0c14e5112c22b74100cd19bc87d0737b5b1084bb54b1f976779517b7aa764737e790c8"
        },
        {
          "alg" : "SHA-384",
          "content" : "5dc916a00cef99ee3617215252ca136827e77929ab52a35249a0967e8930db33d0782d11682089d407bc3a460fc3730f"
        },
        {
          "alg" : "SHA3-384",
          "content" : "cad08692064c8d1acfd344beddd6ed3265dab6360ac4ca56085278000388f8c841d45fd54bfcfa60107551fc1f6d5dfa"
        },
        {
          "alg" : "SHA3-256",
          "content" : "b4364b79346f543d7de32d738b2a54f023d5832139890f08f133c91ffb936114"
        },
        {
          "alg" : "SHA3-512",
          "content" : "7b251d07931a56631332b775e6aa07eb1c4d53ab7377a5bddf355d4ace08baed7d6ec370257102dfe4cb81316af1ebc009b886fb41e9f092893cefbb4f231672"
        }
      ],
      "licenses" : [
        {
          "license" : {
            "name" : "Broadcom Foundation License"
          }
        }
      ],
      "purl" : "pkg:maven/org.springframework.boot/spring-boot-starter-validation@3.3.16?type=jar",
      "externalReferences" : [
        {
          "type" : "website",
          "url" : "https://spring.io/projects/spring-boot"
        }
      ]
    },
    {
      "type" : "library",
      "bom-ref" : "pkg:maven/org.apache.tomcat.embed/tomcat-embed-el@10.1.49?type=jar",
      "group" : "org.apache.tomcat.embed",
      "name" : "tomcat-embed-el",
      "version" : "10.1.49",
      "description" : "Core Tomcat implementation",
      "scope" : "required",
      "hashes" : [
        {
          "alg" : "MD5",
          "content" : "6e758aa5fb5d9823d3fdd0997dc0553f"
        },
        {
          "alg" : "SHA-1",
          "content" : "2258d147a49331d34e36ea96abc7664b263f399e"
        },
        {
          "alg" : "SHA-256",
          "content" : "7ae8a4308313b77c3ebe1941aa215cd9a355c836f10773498360fdd0c7548d69"
        },
        {
          "alg" : "SHA-512",
          "content" : "3ed8ffc1d42e57460b3caa9c45624e754f9e2a6efe54d4f019b2a819f67caa03367b0c4820583f7f9ca52f3b029a246223ad49d71b48cfc20d1e73e41cab5e6a"
        },
        {
          "alg" : "SHA-384",
          "content" : "50aea1df0dd8e94e6ed83c70518b87d09a2032fabaecc7526979f91d5100fddd4f3837679514b9c672d3a02807c7af45"
        },
        {
          "alg" : "SHA3-384",
          "content" : "f71ff04e75d127679ce4e468dd953735fd479785c70a6d34d63c9c485c023e8c04e9eb883cc6edf9ef8bea40a4cbe4d7"
        },
        {
          "alg" : "SHA3-256",
          "content" : "8f6c137ffa0bd297000b66a1122cafdee691d8f092978452819c9a2f2160baa0"
        },
        {
          "alg" : "SHA3-512",
          "content" : "89d89995f18355dc873c2f081e5cf3a167365088321e790667de6f391361a95cc6030789da86accaf7f9b3d259bb6bf5dfce98119612498baf7421c4c15f2cd0"
        }
      ],
      "licenses" : [
        {
          "license" : {
            "id" : "Apache-2.0"
          }
        }
      ],
      "purl" : "pkg:maven/org.apache.tomcat.embed/tomcat-embed-el@10.1.49?type=jar",
      "externalReferences" : [
        {
          "type" : "website",
          "url" : "https://tomcat.apache.org/"
        }
      ]
    },
    {
      "type" : "library",
      "bom-ref" : "pkg:maven/org.hibernate.validator/hibernate-validator@8.0.3.Final?type=jar",
      "group" : "org.hibernate.validator",
      "name" : "hibernate-validator",
      "version" : "8.0.3.Final",
      "description" : "Hibernate's Jakarta Bean Validation reference implementation.",
      "scope" : "required",
      "hashes" : [
        {
          "alg" : "MD5",
          "content" : "7ac58d555febd45b769cee89ad1a8836"
        },
        {
          "alg" : "SHA-1",
          "content" : "4425f554297a1c5ba03a3f30e559a9fd91048cf8"
        },
        {
          "alg" : "SHA-256",
          "content" : "2ad24670fd08e21d3f43d3105d5326bd5ef6b01e819c5cd103823866b954517e"
        },
        {
          "alg" : "SHA-512",
          "content" : "4eaf92ce39d952321bb6956fc80b91c4a5d6f747db08580c3b56b8088061f580b616aee02695da3a1f336cf4261f97d95ee66a9e650e4a88a8993297078db7be"
        },
        {
          "alg" : "SHA-384",
          "content" : "641730242fd872a204aa1bf5c3a7e91ef78ba361583f380343b5904fc10764144a2fd1bae15bfe47e908b4aa3b554e16"
        },
        {
          "alg" : "SHA3-384",
          "content" : "7550b4f11a0c522fe460e7dfb4f1ff566896909cdcd80d259050b52e34b58ea8fb97dbd85b66b06a594e10ec3549392f"
        },
        {
          "alg" : "SHA3-256",
          "content" : "d9ad574745426dd2ee6ba253c50b592b0a92d098e0a75b82715f49c0d7bf4470"
        },
        {
          "alg" : "SHA3-512",
          "content" : "70f42764357b2b177c569152c1ddd5f7da0438d355995be0542e3bf7fa8856ac1d579ded3b32614eaa1b63febe7d98335eaa616f76b66ba1729f0b6dfd1366e7"
        }
      ],
      "licenses" : [
        {
          "license" : {
            "id" : "Apache-2.0",
            "url" : "https://www.apache.org/licenses/LICENSE-2.0"
          }
        }
      ],
      "purl" : "pkg:maven/org.hibernate.validator/hibernate-validator@8.0.3.Final?type=jar",
      "externalReferences" : [
        {
          "type" : "website",
          "url" : "https://hibernate.org/validator"
        },
        {
          "type" : "vcs",
          "url" : "https://github.com/hibernate/hibernate-validator"
        }
      ]
    },
    {
      "type" : "library",
      "bom-ref" : "pkg:maven/jakarta.validation/jakarta.validation-api@3.0.2?type=jar",
      "publisher" : "Eclipse Foundation",
      "group" : "jakarta.validation",
      "name" : "jakarta.validation-api",
      "version" : "3.0.2",
      "description" : "Jakarta Bean Validation API",
      "scope" : "required",
      "hashes" : [
        {
          "alg" : "MD5",
          "content" : "3a1ee6efca3e41e3320599790f54c5eb"
        },
        {
          "alg" : "SHA-1",
          "content" : "92b6631659ba35ca09e44874d3eb936edfeee532"
        },
        {
          "alg" : "SHA-256",
          "content" : "291c25e6910cc6a7ebd96d4c6baebf6d7c37676c5482c2d96146e901b62c1fc9"
        },
        {
          "alg" : "SHA-512",
          "content" : "8ff9a450e13dad49ac8268ab8c591e045e5056f9459efa09fbb3561b5c879526b344e2648602bf65d387620064cf0c3a00e1243c6422c85a21b53dbab8749a40"
        },
        {
          "alg" : "SHA-384",
          "content" : "ab594665f5416edc8b42687e4ca17583fdcf886725ed98a88beb42bb5980d3672a5a5b7dd93b73c2282393ef1814d21d"
        },
        {
          "alg" : "SHA3-384",
          "content" : "bd43bd51ad4b56fe5bed62d478554a0e2a183b8ce38ed8606adb52d219eefe2efedafdd3d530b1f680824f54a680ab4b"
        },
        {
          "alg" : "SHA3-256",
          "content" : "48b53a0b142c3b314427ea2133e54151ed8263c1627527b8bc824784596840d7"
        },
        {
          "alg" : "SHA3-512",
          "content" : "3b6ec58f766f0958be2529b66d12bf492dfb78c49bfd41be87d9102e0885144156a693828f201a2a7019774c02824dfcaf717394a8858779fc9b2cd44b74b453"
        }
      ],
      "licenses" : [
        {
          "license" : {
            "id" : "Apache-2.0",
            "url" : "https://www.apache.org/licenses/LICENSE-2.0"
          }
        }
      ],
      "purl" : "pkg:maven/jakarta.validation/jakarta.validation-api@3.0.2?type=jar",
      "externalReferences" : [
        {
          "type" : "website",
          "url" : "https://beanvalidation.org"
        },
        {
          "type" : "distribution-intake",
          "url" : "https://jakarta.oss.sonatype.org/service/local/staging/deploy/maven2/"
        },
        {
          "type" : "issue-tracker",
          "url" : "https://hibernate.atlassian.net/projects/BVAL/"
        },
        {
          "type" : "mailing-list",
          "url" : "https://dev.eclipse.org/mhonarc/lists/jakarta.ee-community/"
        },
        {
          "type" : "vcs",
          "url" : "https://github.com/eclipse-ee4j/beanvalidation-api"
        }
      ]
    },
    {
      "type" : "library",
      "bom-ref" : "pkg:maven/org.springframework.boot/spring-boot-starter-thymeleaf@3.3.16?type=jar",
      "publisher" : "VMware, Inc.",
      "group" : "org.springframework.boot",
      "name" : "spring-boot-starter-thymeleaf",
      "version" : "3.3.16",
      "description" : "Starter for building MVC web applications using Thymeleaf views",
      "scope" : "required",
      "hashes" : [
        {
          "alg" : "MD5",
          "content" : "3a5f28b1a4f52a7f76f674344eda6afc"
        },
        {
          "alg" : "SHA-1",
          "content" : "8100e513186dfb7cd145e3445f48b1d1e8821282"
        },
        {
          "alg" : "SHA-256",
          "content" : "60eb4525d2798acd36bf0cbf2b9c813b91b067935e216aac3fd14345876f298d"
        },
        {
          "alg" : "SHA-512",
          "content" : "48cc80e960527ba01690a08d5a044e52aa2f86af66704b110a50894191420543163f14d00226d890222d5db9599b13845de101f76961227c113a4a69f4e81ef4"
        },
        {
          "alg" : "SHA-384",
          "content" : "9ae6e49480aaefc530541fbff05455a01435ba3e2299f893cf2c84dbe1d6b221d8fe119d0ee19a56ed8e4395ca9d58d3"
        },
        {
          "alg" : "SHA3-384",
          "content" : "e5aa1f037b0db0716272bad4a8deeb7efb7e2debe4ba300d041c198554627969ad725c33aeebf1d345673862de9d08b5"
        },
        {
          "alg" : "SHA3-256",
          "content" : "d259657265bc35eb147a1bf18d5f8020a99119aa1b3e60fdeee97434c28b8ffa"
        },
        {
          "alg" : "SHA3-512",
          "content" : "9309b3fa98f08a1a13e1d6b110bbc206131d38a77c305092b46c765f79ffa3ae2ef43123de38b094f7610074a7a887e916da61dc49fc00447adbc385ce5020d7"
        }
      ],
      "licenses" : [
        {
          "license" : {
            "name" : "Broadcom Foundation License"
          }
        }
      ],
      "purl" : "pkg:maven/org.springframework.boot/spring-boot-starter-thymeleaf@3.3.16?type=jar",
      "externalReferences" : [
        {
          "type" : "website",
          "url" : "https://spring.io/projects/spring-boot"
        }
      ]
    },
    {
      "type" : "library",
      "bom-ref" : "pkg:maven/org.thymeleaf/thymeleaf-spring6@3.1.3.RELEASE?type=jar",
      "publisher" : "Thymeleaf",
      "group" : "org.thymeleaf",
      "name" : "thymeleaf-spring6",
      "version" : "3.1.3.RELEASE",
      "description" : "Modern server-side Java template engine for both web and standalone environments",
      "scope" : "required",
      "hashes" : [
        {
          "alg" : "MD5",
          "content" : "1953618cce1d2d7d685ac95420056bc7"
        },
        {
          "alg" : "SHA-1",
          "content" : "4b276ea2bd536a18e44b40ff1d9f4848965ff59c"
        },
        {
          "alg" : "SHA-256",
          "content" : "79c7f0897008831e9cf87315c8ca452e5ea95d32cbf04648dc11f9e6bad0a50e"
        },
        {
          "alg" : "SHA-512",
          "content" : "93b98a51350f0c3296acb13c6071838e426f86987af69ab639080db4c1d6de5324342e1268264d757a3df9e33bf826ca6ecc9b14c45648dccff64fe0e7e4164d"
        },
        {
          "alg" : "SHA-384",
          "content" : "3eda435cd0f7e0abfbd912cd3fb9f302af3b2d5fed067db17f3685e1baec87841cd7796651f230f8fd4f00179385ed42"
        },
        {
          "alg" : "SHA3-384",
          "content" : "6c95282b269c9eae57dd779bacdfa32e90d691500212cc6879f8718ea12ff215e03c3eec2fd2ae815e6aa8cf3cce464b"
        },
        {
          "alg" : "SHA3-256",
          "content" : "820df42372b679677c196f26bc919e912e964e2407624d17d915552a322932d9"
        },
        {
          "alg" : "SHA3-512",
          "content" : "6696408bb7f784813d879e49a587ee0130da4e2efeb1096582a2fd5fc3920fbbf55b32028075a27dce7089fc04ab66b5095b000899186cc9d56c79f5ba487132"
        }
      ],
      "licenses" : [
        {
          "license" : {
            "id" : "Apache-2.0"
          }
        }
      ],
      "purl" : "pkg:maven/org.thymeleaf/thymeleaf-spring6@3.1.3.RELEASE?type=jar",
      "externalReferences" : [
        {
          "type" : "website",
          "url" : "http://www.thymeleaf.org/thymeleaf-lib/thymeleaf-spring6"
        },
        {
          "type" : "distribution-intake",
          "url" : "https://oss.sonatype.org/service/local/staging/deploy/maven2"
        },
        {
          "type" : "vcs",
          "url" : "https://github.com/thymeleaf/thymeleaf/thymeleaf-lib/thymeleaf-spring6"
        }
      ]
    },
    {
      "type" : "library",
      "bom-ref" : "pkg:maven/org.thymeleaf/thymeleaf@3.1.3.RELEASE?type=jar",
      "publisher" : "Thymeleaf",
      "group" : "org.thymeleaf",
      "name" : "thymeleaf",
      "version" : "3.1.3.RELEASE",
      "description" : "Modern server-side Java template engine for both web and standalone environments",
      "scope" : "required",
      "hashes" : [
        {
          "alg" : "MD5",
          "content" : "6a513160c67d236d380af821e3a1d093"
        },
        {
          "alg" : "SHA-1",
          "content" : "51474f2a90b282ee97dabcd159c7faf24790f373"
        },
        {
          "alg" : "SHA-256",
          "content" : "165ef16cd71020c4d572e77d73cf7baffd431f3f3e8c1d84b410de23dc79f92c"
        },
        {
          "alg" : "SHA-512",
          "content" : "8e38a029b54838fbb4677289919cfb714eb04474f0679a79d73ce41cb25bd599d09491113466b5010cd15716922aa732033a3403e9c9a708d385f1e44d7880bb"
        },
        {
          "alg" : "SHA-384",
          "content" : "d68f4db75c41867ed56a75f51daa82ed4bbfb93685f6b817a3257bbab175796456569aff2d6499d72c54e6f1ede6bcc5"
        },
        {
          "alg" : "SHA3-384",
          "content" : "36a9e0874c3afebf596cdd549917c72492e704a0fc0ca82eb368f24fcd10bb46efc51b697bb1cb78ab70e11c571849f0"
        },
        {
          "alg" : "SHA3-256",
          "content" : "1f2a3bce2dee573bbc92d0b6d64034e2e0089b19e7254591c3ed1ac4fb41334a"
        },
        {
          "alg" : "SHA3-512",
          "content" : "ea1f56338028869b697653ba6963a7b3950598835fb730d3f1b0cd59bd93bcf57b2e7b0b5c3500985ad361219782e4313c596360a4cbd0fcb5dfe6e9bbb1d65e"
        }
      ],
      "licenses" : [
        {
          "license" : {
            "id" : "Apache-2.0"
          }
        }
      ],
      "purl" : "pkg:maven/org.thymeleaf/thymeleaf@3.1.3.RELEASE?type=jar",
      "externalReferences" : [
        {
          "type" : "website",
          "url" : "http://www.thymeleaf.org/thymeleaf-lib/thymeleaf"
        },
        {
          "type" : "distribution-intake",
          "url" : "https://oss.sonatype.org/service/local/staging/deploy/maven2"
        },
        {
          "type" : "vcs",
          "url" : "https://github.com/thymeleaf/thymeleaf/thymeleaf-lib/thymeleaf"
        }
      ]
    },
    {
      "type" : "library",
      "bom-ref" : "pkg:maven/org.attoparser/attoparser@2.0.7.RELEASE?type=jar",
      "publisher" : "The ATTOPARSER team",
      "group" : "org.attoparser",
      "name" : "attoparser",
      "version" : "2.0.7.RELEASE",
      "description" : "Powerful, fast and easy to use HTML and XML parser for Java",
      "scope" : "required",
      "hashes" : [
        {
          "alg" : "MD5",
          "content" : "fd09ceba7061e05460e74e0e1e64f233"
        },
        {
          "alg" : "SHA-1",
          "content" : "e5d0e988d9124139d645bb5872b24dfa23e283cc"
        },
        {
          "alg" : "SHA-256",
          "content" : "75dd1c045492bff8e1963aabb28bfe903c2064e11e27fe2f0f0aff1ad3d84476"
        },
        {
          "alg" : "SHA-512",
          "content" : "010a118a86e72ef9018cca65655e93be778039277d0a2aea5676eda4483b0a189d65b3fa944a9af2105dda502c3aebc3c1ab9b64c1a3207aa140c4d2fd054a8b"
        },
        {
          "alg" : "SHA-384",
          "content" : "62c6b9b08e9a2b853095d8b111dda1c5fc4342bc87020e3dab0ac53e897127653f2e0197d8d4d75e8b241883de43f65a"
        },
        {
          "alg" : "SHA3-384",
          "content" : "a3bdffc2e9dc90b04a5c6dc1937debd7ce3d7ccfab9bbac4dba4d95efab928d20ab8a94d481214c9b304430fac3451d4"
        },
        {
          "alg" : "SHA3-256",
          "content" : "e3f91ced9dd24f9babae34b35db9a42511d6fb22ea1e60ab5456954ad8fa5c4a"
        },
        {
          "alg" : "SHA3-512",
          "content" : "aa55fb1d0275582cfb972b0efdd9a8d16f111f3d363315555c3b1cccb5050c993dfaac55b910adaaec6a325ff6703875dc91d03eb05e907faa1a8f2e330b2bd5"
        }
      ],
      "licenses" : [
        {
          "license" : {
            "id" : "Apache-2.0"
          }
        }
      ],
      "purl" : "pkg:maven/org.attoparser/attoparser@2.0.7.RELEASE?type=jar",
      "externalReferences" : [
        {
          "type" : "website",
          "url" : "https://www.attoparser.org"
        },
        {
          "type" : "distribution-intake",
          "url" : "https://oss.sonatype.org/service/local/staging/deploy/maven2"
        },
        {
          "type" : "vcs",
          "url" : "scm:git:git@github.com:attoparser/attoparser.git"
        }
      ]
    },
    {
      "type" : "library",
      "bom-ref" : "pkg:maven/org.unbescape/unbescape@1.1.6.RELEASE?type=jar",
      "publisher" : "The UNBESCAPE team",
      "group" : "org.unbescape",
      "name" : "unbescape",
      "version" : "1.1.6.RELEASE",
      "description" : "Advanced yet easy-to-use escape/unescape library for Java",
      "scope" : "required",
      "hashes" : [
        {
          "alg" : "MD5",
          "content" : "d95ed94e1624e307a1958ee105ccbf39"
        },
        {
          "alg" : "SHA-1",
          "content" : "7b90360afb2b860e09e8347112800d12c12b2a13"
        },
        {
          "alg" : "SHA-256",
          "content" : "597cf87d5b1a4f385b9d1cec974b7b483abb3ee85fc5b3f8b62af8e4bec95c2c"
        },
        {
          "alg" : "SHA-512",
          "content" : "6918e9579b06721942fdcd91e401f5b996fb4eac13056dbafdf594661f355a34874eb5266784bc2c4f82df9fdd9e219d71a96f52945a354f01665f85f8166bb3"
        },
        {
          "alg" : "SHA-384",
          "content" : "1b808b67c784b69afea64364ba4c0d433c7f042c512f5c18f07d5388fe7ac4741913f696424bd8fbde147383cfb3d8f9"
        },
        {
          "alg" : "SHA3-384",
          "content" : "6525bd20a12ff43a0089c0d59369574ae6c01e2b4b1aacf466847d4433ae403db08404a9b59be397c3034f972bcd6b06"
        },
        {
          "alg" : "SHA3-256",
          "content" : "a190c9bedccff959d08db12fe7080437fb4e98f05516b39d6540be718e151cc6"
        },
        {
          "alg" : "SHA3-512",
          "content" : "5d7b5edc0c2a0d47c9625936c14b4122330b96cdf54260fe2a6468289c2f4cbc4ee19770c1144acfa702f2f058a81544b4aea9258fe0e15166a1a331736d7b77"
        }
      ],
      "licenses" : [
        {
          "license" : {
            "id" : "Apache-2.0"
          }
        }
      ],
      "purl" : "pkg:maven/org.unbescape/unbescape@1.1.6.RELEASE?type=jar",
      "externalReferences" : [
        {
          "type" : "website",
          "url" : "http://www.unbescape.org"
        },
        {
          "type" : "distribution-intake",
          "url" : "https://oss.sonatype.org/service/local/staging/deploy/maven2"
        },
        {
          "type" : "vcs",
          "url" : "scm:git:git@github.com:unbescape/unbescape.git"
        }
      ]
    },
    {
      "type" : "library",
      "bom-ref" : "pkg:maven/org.springframework.boot/spring-boot-starter-test@3.3.16?type=jar",
      "publisher" : "VMware, Inc.",
      "group" : "org.springframework.boot",
      "name" : "spring-boot-starter-test",
      "version" : "3.3.16",
      "description" : "Starter for testing Spring Boot applications with libraries including JUnit Jupiter, Hamcrest and Mockito",
      "scope" : "required",
      "hashes" : [
        {
          "alg" : "MD5",
          "content" : "d77f3b6af14195102b1c7618f8880ca2"
        },
        {
          "alg" : "SHA-1",
          "content" : "9e2e5e68606bcb0e130f4da93e359040596b6638"
        },
        {
          "alg" : "SHA-256",
          "content" : "a4939505b7803ae9fde19e0caf1c3369ce5a6f00bcf45cb66d07197971d68abd"
        },
        {
          "alg" : "SHA-512",
          "content" : "8f4c8cc02555be56efb319f1a5be403a5fccbdd4fbc23ffa00ece35536cbb26a4113a645423c760115a0c25b7206002c52971a890427f6e91e4112e7b6e7a583"
        },
        {
          "alg" : "SHA-384",
          "content" : "fc16ce504e5e19eaaa86931edeaa4fa910c7040c9248728854557f8106d0baca4f535623cd7c511a0ab635dd1bcb4ba6"
        },
        {
          "alg" : "SHA3-384",
          "content" : "6212fed033fcc1398ee6edad38a3570b04257183cbe3a628c3e1c42b79d3f2f0b523c40bef4d34282b682f6b2539948b"
        },
        {
          "alg" : "SHA3-256",
          "content" : "8e539a24d963bbc6f2f793170b34f53cc2d02ed2f621aad7827f1049488f0405"
        },
        {
          "alg" : "SHA3-512",
          "content" : "a528b05f26cb67837ee2f3790bc611b56545c32f70406bdcb08cca45959959f5318c8bf590bd62b01cdcfbef98567b575dc7c4bcc31ed48e525865869f3bc3bf"
        }
      ],
      "licenses" : [
        {
          "license" : {
            "name" : "Broadcom Foundation License"
          }
        }
      ],
      "purl" : "pkg:maven/org.springframework.boot/spring-boot-starter-test@3.3.16?type=jar",
      "externalReferences" : [
        {
          "type" : "website",
          "url" : "https://spring.io/projects/spring-boot"
        }
      ]
    },
    {
      "type" : "library",
      "bom-ref" : "pkg:maven/org.springframework.boot/spring-boot-test@3.3.16?type=jar",
      "publisher" : "VMware, Inc.",
      "group" : "org.springframework.boot",
      "name" : "spring-boot-test",
      "version" : "3.3.16",
      "description" : "Spring Boot Test",
      "scope" : "required",
      "hashes" : [
        {
          "alg" : "MD5",
          "content" : "014a52cf2654def5c92009f712394f77"
        },
        {
          "alg" : "SHA-1",
          "content" : "5fbc4f13f38701c0986d103c1445c1dbf62e8dc4"
        },
        {
          "alg" : "SHA-256",
          "content" : "145899cef1a1c258d744caeecba5a944ff0e214d12ead8405ba970ecf1a5520c"
        },
        {
          "alg" : "SHA-512",
          "content" : "bfd7978a6842e4798c17d829f96ad86a3ec7c0cadb91eb5d17f326f52bd335e0da4cab16383fc7cbc899817887f8070a621554ffa582d480228790de56733006"
        },
        {
          "alg" : "SHA-384",
          "content" : "10b4d26234d53ac26c167aaba22fe943ea3502813f71d8cdf7b3c3bd6f42dcf8ee0204e9f9e89a905f0ebf015a54db4d"
        },
        {
          "alg" : "SHA3-384",
          "content" : "b63006d326d538660f72521e606b556264e30efb9291563e2a05e3ed918da36a62fbdee5aa7340cd2673168d89ab09f5"
        },
        {
          "alg" : "SHA3-256",
          "content" : "2ad9d9e1098de6b20c5b8f82ff6813134d6a7d6fd2ad7afc4db3367031e7fdac"
        },
        {
          "alg" : "SHA3-512",
          "content" : "c157200d8d6778d3400a44fceb76bd218d137540d5b52f7f9ff7f8d29aef8b495f839699a0225d9a347d03a2d1aa8e94eeb04a51aea50d6a7b6409bcd2b26f4a"
        }
      ],
      "licenses" : [
        {
          "license" : {
            "name" : "Broadcom Foundation License"
          }
        }
      ],
      "purl" : "pkg:maven/org.springframework.boot/spring-boot-test@3.3.16?type=jar",
      "externalReferences" : [
        {
          "type" : "website",
          "url" : "https://spring.io/projects/spring-boot"
        }
      ]
    },
    {
      "type" : "library",
      "bom-ref" : "pkg:maven/org.springframework.boot/spring-boot-test-autoconfigure@3.3.16?type=jar",
      "publisher" : "VMware, Inc.",
      "group" : "org.springframework.boot",
      "name" : "spring-boot-test-autoconfigure",
      "version" : "3.3.16",
      "description" : "Spring Boot Test AutoConfigure",
      "scope" : "required",
      "hashes" : [
        {
          "alg" : "MD5",
          "content" : "895a7d090336474580e40ce7d0c28435"
        },
        {
          "alg" : "SHA-1",
          "content" : "7b01592423ed6c8885b74249193d30588ebdbff2"
        },
        {
          "alg" : "SHA-256",
          "content" : "713f8035cd4a0907fe216283fdc20afd45f775b4e055d92cc0109a3c7c2ee41c"
        },
        {
          "alg" : "SHA-512",
          "content" : "8a22bcf0c93b05ee9e5e75f5135b1432cae47eac60b902f6a36adb29ac5aeb98fcaa9f444e15ae312e39a9be517808b539e05610272eba8cfcd6248ce7ffdf35"
        },
        {
          "alg" : "SHA-384",
          "content" : "719d264a5b12d5caab4a187b1e623fb7aa5a01c8d8bc21daf0bc985a8fa32fe9a36cb0e041d946add52c395a7054431b"
        },
        {
          "alg" : "SHA3-384",
          "content" : "ac585b2852000931ee434c9f24cf6f9571b88289e51065b31f1b7f32c7e0d835b8a305cd7320a73be3b1076c3270b19b"
        },
        {
          "alg" : "SHA3-256",
          "content" : "ac931c9247195151959efbfccab93c66b6412134d0f9041b48fb690259a722ee"
        },
        {
          "alg" : "SHA3-512",
          "content" : "7162205aeb2e98d79d0068178065747dfb286af84bf405b7b91eb77428bda82e3e4577a15e5df6030f7c4a59b96918fd0c342b16cb20a57305135e1612774d68"
        }
      ],
      "licenses" : [
        {
          "license" : {
            "name" : "Broadcom Foundation License"
          }
        }
      ],
      "purl" : "pkg:maven/org.springframework.boot/spring-boot-test-autoconfigure@3.3.16?type=jar",
      "externalReferences" : [
        {
          "type" : "website",
          "url" : "https://spring.io/projects/spring-boot"
        }
      ]
    },
    {
      "type" : "library",
      "bom-ref" : "pkg:maven/com.jayway.jsonpath/json-path@2.9.0?type=jar",
      "group" : "com.jayway.jsonpath",
      "name" : "json-path",
      "version" : "2.9.0",
      "description" : "A library to query and verify JSON",
      "scope" : "required",
      "hashes" : [
        {
          "alg" : "MD5",
          "content" : "e89678d2e4ff45e4f39a97ccd0223719"
        },
        {
          "alg" : "SHA-1",
          "content" : "37fe2217f577b0b68b18e62c4d17a8858ecf9b69"
        },
        {
          "alg" : "SHA-256",
          "content" : "11a9ee6f88bb31f1450108d1cf6441377dec84aca075eb6bb2343be157575bea"
        },
        {
          "alg" : "SHA-512",
          "content" : "9a9dbb2cd36662c8049419ed891290602baeca2549eb7df62122cb20c91e66bc8c2c0e5e13199c4a70bf0b6e62ea4c2601f84e4c79d2af25ff1704481c86740a"
        },
        {
          "alg" : "SHA-384",
          "content" : "e9a54630e2111078c8c77807d9f4433e2f459fb6c41c4afa8c2a3152b62c240ea9be1614022a6a99d5aea8c61865ecfb"
        },
        {
          "alg" : "SHA3-384",
          "content" : "64286f27125cd6fcc3a16c0b4be106686aef7744ae103bd2160ccca622547653b9fb44e10bc6d510d16b875c95806a10"
        },
        {
          "alg" : "SHA3-256",
          "content" : "96e06e77b263cd1a3adb8d9c6fa666d11eebab616c4a7fb2ef7f370039a0a4ea"
        },
        {
          "alg" : "SHA3-512",
          "content" : "10bda57556f6ef77669f9c99fda226ff5060d3c1511e561d9e7a49fc2a534b90bc4101ab0e4ef0b420fe43f71083bba1b64ba606348e87459a6183f1d3f7e3df"
        }
      ],
      "licenses" : [
        {
          "license" : {
            "id" : "Apache-2.0"
          }
        }
      ],
      "purl" : "pkg:maven/com.jayway.jsonpath/json-path@2.9.0?type=jar",
      "externalReferences" : [
        {
          "type" : "website",
          "url" : "https://github.com/jayway/JsonPath"
        },
        {
          "type" : "vcs",
          "url" : "scm:git:git://github.com/jayway/JsonPath.git"
        }
      ]
    },
    {
      "type" : "library",
      "bom-ref" : "pkg:maven/net.minidev/json-smart@2.5.2?type=jar",
      "publisher" : "Chemouni Uriel",
      "group" : "net.minidev",
      "name" : "json-smart",
      "version" : "2.5.2",
      "description" : "JSON (JavaScript Object Notation) is a lightweight data-interchange format. It is easy for humans to read and write. It is easy for machines to parse and generate. It is based on a subset of the JavaScript Programming Language, Standard ECMA-262 3rd Edition - December 1999. JSON is a text format that is completely language independent but uses conventions that are familiar to programmers of the C-family of languages, including C, C++, C#, Java, JavaScript, Perl, Python, and many others. These properties make JSON an ideal data-interchange language.",
      "scope" : "required",
      "hashes" : [
        {
          "alg" : "MD5",
          "content" : "e3ad34c55c0d2627255f79f4411c6bdd"
        },
        {
          "alg" : "SHA-1",
          "content" : "95d166b18f95907be0f46cdb9e1c0695eed03387"
        },
        {
          "alg" : "SHA-256",
          "content" : "4fbdedb0105cedc7f766b95c297d2e88fb6a560da48f3bbaa0cc538ea8b7bf71"
        },
        {
          "alg" : "SHA-512",
          "content" : "087931c6f254c7e54ff75b6e94983d062b62b68356a988a5ed276819bcb4fafbad2f0bbc363e16c8daa09ed8189241f08eff6e8e5f5f3ddc770b541d96fc8e2d"
        },
        {
          "alg" : "SHA-384",
          "content" : "25562d80d717cde53ae3c8049f14fb74a85c86ef14ece2e8136b604edbd3a67df8a46628dc36e6a07dcf5949d9ce1451"
        },
        {
          "alg" : "SHA3-384",
          "content" : "3aaa1b156a994fa858f7e46c1ebedebe9063e9afbd72c9ca886dd41f3c4ca8dcdd6dd457daa5ed167929d3741aed075c"
        },
        {
          "alg" : "SHA3-256",
          "content" : "e387c386e5f81247ea4add698626d06e8a2c2fe5768b7440a0fd6fb56ad99d75"
        },
        {
          "alg" : "SHA3-512",
          "content" : "aa2a4c9daa3bff63615ed483e9faa978b0131758c541a9591e6da8186af73d32f73a38e954272f2f0aa1606b38555f6471ea232eebc146a4fb83151bbae60484"
        }
      ],
      "licenses" : [
        {
          "license" : {
            "id" : "Apache-2.0"
          }
        }
      ],
      "purl" : "pkg:maven/net.minidev/json-smart@2.5.2?type=jar",
      "externalReferences" : [
        {
          "type" : "website",
          "url" : "https://urielch.github.io/"
        },
        {
          "type" : "distribution-intake",
          "url" : "https://s01.oss.sonatype.org/service/local/staging/deploy/maven2/"
        },
        {
          "type" : "vcs",
          "url" : "https://github.com/netplex/json-smart-v2"
        }
      ]
    },
    {
      "type" : "library",
      "bom-ref" : "pkg:maven/net.minidev/accessors-smart@2.5.2?type=jar",
      "publisher" : "Chemouni Uriel",
      "group" : "net.minidev",
      "name" : "accessors-smart",
      "version" : "2.5.2",
      "description" : "Java reflect give poor performance on getter setter an constructor calls, accessors-smart use ASM to speed up those calls.",
      "scope" : "required",
      "hashes" : [
        {
          "alg" : "MD5",
          "content" : "24191e0bb215c72902e89f46dde839e1"
        },
        {
          "alg" : "SHA-1",
          "content" : "ce16fd235cfee48e67eda33e684423bba09f7d07"
        },
        {
          "alg" : "SHA-256",
          "content" : "9b8a7bc43861d6156c021166d941fb7dddbe4463e2fa5ee88077e4b01452a836"
        },
        {
          "alg" : "SHA-512",
          "content" : "3bbd29761622714ac61dbe02b8351188573f819bdabfb4025196a3f1561bfe52cc308af9208184f7339c66988e7f8ad323c5cd7b0fa8463321b6bb03e4a9181e"
        },
        {
          "alg" : "SHA-384",
          "content" : "9640df1f3b1bc02ca025e990776727ca3265de08db88e9d08072567e08cb4c1083e8a1644f053caeb4f21fdd2e48ec4b"
        },
        {
          "alg" : "SHA3-384",
          "content" : "90e220e6dfb5c39a208c3395aa525de2a59ff4525de57a5a496d683be3fc0c58f8ce38411e875434aa3042394dc46e24"
        },
        {
          "alg" : "SHA3-256",
          "content" : "fa935f2190565214b4fce84be12d4f9b052e9bbf5b1116fa82bcc7f9d7f4c301"
        },
        {
          "alg" : "SHA3-512",
          "content" : "da0fe2eb9ce26fd44decb2d735fb04597b31225e9c6b76b4678db29ec48292fccc9fcbcc72c5f3b7854aeef9d797da2016b61dd86802c07e1c6f6e4afea872ad"
        }
      ],
      "licenses" : [
        {
          "license" : {
            "id" : "Apache-2.0"
          }
        }
      ],
      "purl" : "pkg:maven/net.minidev/accessors-smart@2.5.2?type=jar",
      "externalReferences" : [
        {
          "type" : "website",
          "url" : "https://urielch.github.io/"
        },
        {
          "type" : "distribution-intake",
          "url" : "https://s01.oss.sonatype.org/service/local/staging/deploy/maven2/"
        },
        {
          "type" : "vcs",
          "url" : "https://github.com/netplex/json-smart-v2"
        }
      ]
    },
    {
      "type" : "library",
      "bom-ref" : "pkg:maven/org.ow2.asm/asm@9.7.1?type=jar",
      "publisher" : "OW2",
      "group" : "org.ow2.asm",
      "name" : "asm",
      "version" : "9.7.1",
      "description" : "ASM, a very small and fast Java bytecode manipulation framework",
      "scope" : "required",
      "hashes" : [
        {
          "alg" : "MD5",
          "content" : "e2cdd32d198ad31427d298eee9d39d8d"
        },
        {
          "alg" : "SHA-1",
          "content" : "f0ed132a49244b042cd0e15702ab9f2ce3cc8436"
        },
        {
          "alg" : "SHA-256",
          "content" : "8cadd43ac5eb6d09de05faecca38b917a040bb9139c7edeb4cc81c740b713281"
        },
        {
          "alg" : "SHA-512",
          "content" : "4767b01603dad5c79cc1e2b5f3722f72b1059d928f184f446ba11badeb1b381b3a3a9a801cc43d25d396df950b09d19597c73173c411b1da890de808b94f1f50"
        },
        {
          "alg" : "SHA-384",
          "content" : "166e2be10a19ca6a6d7cadb542eb1c948562483f02557b467a50a3d19d01318e12e5c3b495c482f3f5369be1b7f20eed"
        },
        {
          "alg" : "SHA3-384",
          "content" : "e301862376e84df61c3547dbf637252750224fb5b74feb82f20e1527a8e3152c45f620192a9111a2db5e2f0e73ebd7ca"
        },
        {
          "alg" : "SHA3-256",
          "content" : "7edcc4ff09b3ace15091a8c550f552a324b5cee6c1527944db5823df7eba8d64"
        },
        {
          "alg" : "SHA3-512",
          "content" : "9d220edc5528e4d788605721490f3d29483dd4bd506765e85d781048419aa89b686a70e316b82ef2a856ead56bb7be6b5d52d77b7ca6f27d5e0e347e9669d731"
        }
      ],
      "licenses" : [
        {
          "license" : {
            "id" : "BSD-3-Clause",
            "url" : "https://opensource.org/licenses/BSD-3-Clause"
          }
        }
      ],
      "purl" : "pkg:maven/org.ow2.asm/asm@9.7.1?type=jar",
      "externalReferences" : [
        {
          "type" : "website",
          "url" : "http://asm.ow2.io/"
        },
        {
          "type" : "distribution-intake",
          "url" : "https://repository.ow2.org/nexus/service/local/staging/deploy/maven2"
        },
        {
          "type" : "issue-tracker",
          "url" : "https://gitlab.ow2.org/asm/asm/issues"
        },
        {
          "type" : "mailing-list",
          "url" : "https://mail.ow2.org/wws/arc/asm/"
        },
        {
          "type" : "vcs",
          "url" : "https://gitlab.ow2.org/asm/asm/"
        }
      ]
    },
    {
      "type" : "library",
      "bom-ref" : "pkg:maven/org.assertj/assertj-core@3.25.3?type=jar",
      "group" : "org.assertj",
      "name" : "assertj-core",
      "version" : "3.25.3",
      "description" : "Rich and fluent assertions for testing in Java",
      "scope" : "required",
      "hashes" : [
        {
          "alg" : "MD5",
          "content" : "88258246abdcbf7298b7c3401273e15b"
        },
        {
          "alg" : "SHA-1",
          "content" : "792b270e73aa1cfc28fa135be0b95e69ea451432"
        },
        {
          "alg" : "SHA-256",
          "content" : "7fbdffa1996d43cc08e2576e01008b07e57bbad2b4741aa6c3ab73ce8511130e"
        },
        {
          "alg" : "SHA-512",
          "content" : "cff2c0698b85febc49ab84a692db9bcb8e16c02f53ced530b3174c544d3fa24478a33050cf5f900a41ddc9c3cb66fbc20a5967be8d779c4861134017369d1b9e"
        },
        {
          "alg" : "SHA-384",
          "content" : "871ea788f105e20105e884b69da65abb1bcc236cde63327a0a56162c547b70e3e71d6bc56d5cd07a54d67587e5e54184"
        },
        {
          "alg" : "SHA3-384",
          "content" : "2ccafa0f76ad055b870a840d9ef18ed1c1669cb77d0eba0de926db98d574e48f921a39fe45469938b22943dd3c29fded"
        },
        {
          "alg" : "SHA3-256",
          "content" : "c3419982703bde0c4f7b2a43105604463586b4db087326f95f09bf1925855878"
        },
        {
          "alg" : "SHA3-512",
          "content" : "8b9611210baa82668495d2eb0fde56cb3376b848b29324e344f9d1d6de6c00bca19f21e0c619b45d5a161ffa26212087be6afa6a76bb9100ce630f505e6c7179"
        }
      ],
      "licenses" : [
        {
          "license" : {
            "id" : "Apache-2.0"
          }
        }
      ],
      "purl" : "pkg:maven/org.assertj/assertj-core@3.25.3?type=jar",
      "externalReferences" : [
        {
          "type" : "website",
          "url" : "https://assertj.github.io/doc/#assertj-core"
        },
        {
          "type" : "vcs",
          "url" : "https://github.com/assertj/assertj/assertj-parent/assertj-core"
        }
      ]
    },
    {
      "type" : "library",
      "bom-ref" : "pkg:maven/org.awaitility/awaitility@4.2.2?type=jar",
      "group" : "org.awaitility",
      "name" : "awaitility",
      "version" : "4.2.2",
      "description" : "A Java DSL for synchronizing asynchronous operations",
      "scope" : "required",
      "hashes" : [
        {
          "alg" : "MD5",
          "content" : "04ec00a85d39fffdfed9e5df1120adf4"
        },
        {
          "alg" : "SHA-1",
          "content" : "7336242073ebf83fe034e42b46a403c5501b63c9"
        },
        {
          "alg" : "SHA-256",
          "content" : "e831fee30ed401e2208f1bd5a0ef9add538d9cb1103c0e43216691b647bde9c6"
        },
        {
          "alg" : "SHA-512",
          "content" : "955f3a66ca975d7cedad4705b7c3685e6aff9fe13d3d1200a31c386fe6b598469330dc5af3be060a28e8cb0a0d80be684c2f2bf5bf24fa9669f6cd000b88919b"
        },
        {
          "alg" : "SHA-384",
          "content" : "692921d71668854a87291853940bf401a33af8d4ce2db9b99409f6baa4cf96724a22c5664f3ae232f6aa400d052479a4"
        },
        {
          "alg" : "SHA3-384",
          "content" : "be41e0682bad0641d12e73bf6ae7360a784b72e837489914f730fcd6b68c4ecedd34c1e472721cf579299667442200ca"
        },
        {
          "alg" : "SHA3-256",
          "content" : "8fe4e39c1e4f8c8378f8fad2b927d7adf96b5a9d343336821fd43fbac7058b2e"
        },
        {
          "alg" : "SHA3-512",
          "content" : "fb96325829f5e039b9d741aa28434198c77e2eea1c2eee69d61667309dda2bfd64da5cb5b74c56414aab0d4ba40124031b6ca0aa0cab55b9d896e9aae4312037"
        }
      ],
      "licenses" : [
        {
          "license" : {
            "id" : "Apache-2.0"
          }
        }
      ],
      "purl" : "pkg:maven/org.awaitility/awaitility@4.2.2?type=jar",
      "externalReferences" : [
        {
          "type" : "website",
          "url" : "http://awaitility.org"
        },
        {
          "type" : "distribution-intake",
          "url" : "https://oss.sonatype.org/service/local/staging/deploy/maven2/"
        },
        {
          "type" : "mailing-list",
          "url" : "http://groups.google.com/group/awaitility/topics"
        },
        {
          "type" : "vcs",
          "url" : "http://github.com/awaitility/awaitility/tree/master/awaitility"
        }
      ]
    },
    {
      "type" : "library",
      "bom-ref" : "pkg:maven/org.hamcrest/hamcrest@2.2?type=jar",
      "group" : "org.hamcrest",
      "name" : "hamcrest",
      "version" : "2.2",
      "description" : "Core API and libraries of hamcrest matcher framework.",
      "scope" : "required",
      "hashes" : [
        {
          "alg" : "MD5",
          "content" : "10b47e837f271d0662f28780e60388e8"
        },
        {
          "alg" : "SHA-1",
          "content" : "1820c0968dba3a11a1b30669bb1f01978a91dedc"
        },
        {
          "alg" : "SHA-256",
          "content" : "5e62846a89f05cd78cd9c1a553f340d002458380c320455dd1f8fc5497a8a1c1"
        },
        {
          "alg" : "SHA-512",
          "content" : "6b1141329b83224f69f074cb913dbff6921d6b8693ede8d2599acb626481255dae63de42eb123cbd5f59a261ac32faae012be64e8e90406ae9215543fbca5546"
        },
        {
          "alg" : "SHA-384",
          "content" : "89bdcfdb28da13eaa09a40f5e3fd5667c3cf789cf43e237b8581d1cd814fee392ada66a79cbe77295950e996f485f887"
        },
        {
          "alg" : "SHA3-384",
          "content" : "0d011b75ed22fe456ff683b420875636c4c05b3b837d8819f3f38fd33ec52b3ce2f854acfb7bebffc6659046af8fa204"
        },
        {
          "alg" : "SHA3-256",
          "content" : "92d05019d2aec2c45f0464df5bf29a2e41c1af1ee3de05ec9d8ca82e0ee4f0b0"
        },
        {
          "alg" : "SHA3-512",
          "content" : "4c5cbbe0dcaa9878e1dc6d3caa523c795a96280cb53843577164e5af458572cde0e82310cf5b52c1ea370c434d5631f02e06980d63126843d9b16e357a5f7483"
        }
      ],
      "licenses" : [
        {
          "license" : {
            "id" : "BSD-3-Clause",
            "url" : "https://opensource.org/licenses/BSD-3-Clause"
          }
        }
      ],
      "purl" : "pkg:maven/org.hamcrest/hamcrest@2.2?type=jar",
      "externalReferences" : [
        {
          "type" : "website",
          "url" : "http://hamcrest.org/JavaHamcrest/"
        },
        {
          "type" : "vcs",
          "url" : "https://github.com/hamcrest/JavaHamcrest"
        }
      ]
    },
    {
      "type" : "library",
      "bom-ref" : "pkg:maven/org.junit.jupiter/junit-jupiter@5.10.5?type=jar",
      "group" : "org.junit.jupiter",
      "name" : "junit-jupiter",
      "version" : "5.10.5",
      "description" : "Module \"junit-jupiter\" of JUnit 5.",
      "scope" : "required",
      "hashes" : [
        {
          "alg" : "MD5",
          "content" : "fc1959dc02e736adbcece3e50f40cfe7"
        },
        {
          "alg" : "SHA-1",
          "content" : "cbf98926c44240c9ca1519a20e58722be6d6a44a"
        },
        {
          "alg" : "SHA-256",
          "content" : "308c6f9796a17ebe3b5cc7dbdff7b45d916076a40a6fbd6fa53cddcb306f335a"
        },
        {
          "alg" : "SHA-512",
          "content" : "09429405e6432347d1a7da13cdce0ed127ce58e52869a5ad80db61c33ed34ebec0bb860c4e60214f6182f8afb933b82ec83f12ce61828db418381fbd67971b46"
        },
        {
          "alg" : "SHA-384",
          "content" : "e5cbf87f77530c140c5e59074573e28e4d32a6d0721e56818a62ea4facf01a7e749bccfe3f4a953e6ce11279af635c74"
        },
        {
          "alg" : "SHA3-384",
          "content" : "f6492a9d29f00cd6e954f5952d738ddf339f08d9ecdf7157b8a54ed84640bc6cfe5a2af08b8c7e0cabc6bb59f6dd6d2f"
        },
        {
          "alg" : "SHA3-256",
          "content" : "cc3abcd1f344915abe5c4ed9c495c811f756c524c1915eed150c46dc7cc92c71"
        },
        {
          "alg" : "SHA3-512",
          "content" : "7bcd628795167d100bcd2153c940108ffd2ddae360d1713fcf999652bfce04d8404c5ee72af045f417b26e8369e0c245d6608494fcb4b721e1a7cd20a9518905"
        }
      ],
      "licenses" : [
        {
          "license" : {
            "id" : "EPL-2.0"
          }
        }
      ],
      "purl" : "pkg:maven/org.junit.jupiter/junit-jupiter@5.10.5?type=jar",
      "externalReferences" : [
        {
          "type" : "website",
          "url" : "https://junit.org/junit5/"
        },
        {
          "type" : "vcs",
          "url" : "https://github.com/junit-team/junit5"
        }
      ]
    },
    {
      "type" : "library",
      "bom-ref" : "pkg:maven/org.junit.jupiter/junit-jupiter-api@5.10.5?type=jar",
      "group" : "org.junit.jupiter",
      "name" : "junit-jupiter-api",
      "version" : "5.10.5",
      "description" : "Module \"junit-jupiter-api\" of JUnit 5.",
      "scope" : "required",
      "hashes" : [
        {
          "alg" : "MD5",
          "content" : "122f47ba1582768d2e428304323cb098"
        },
        {
          "alg" : "SHA-1",
          "content" : "a5c09855b0087daaddaa5faa5100ab2555d5e111"
        },
        {
          "alg" : "SHA-256",
          "content" : "42251c2f1c29658c156ca0f3d9670588a051e9b6dd04f52a82de19ea32343e4c"
        },
        {
          "alg" : "SHA-512",
          "content" : "9d539270259a401637d074a4f5dd3bf4491cc7a1fee018102717b3b5cfdae754aa3fe639ab3550377aacd6a249e03deb2ce1464ca5a0f4969557c227e0b473e7"
        },
        {
          "alg" : "SHA-384",
          "content" : "9eeea4232706ab14f05715abb66aeaedd5885eace1cb9c339d26db5ed02b565d7852187155a247b64e77f3971b7fe906"
        },
        {
          "alg" : "SHA3-384",
          "content" : "c6a04d28e2be9847b62f87b3391454cc29ddf171f40e0ed3ae180e929866bfc547aea87dcdb13695c78661bfff6e5e2b"
        },
        {
          "alg" : "SHA3-256",
          "content" : "b2bab4c2322abcd37a76898506d8f07b20b4bfd1bdc5ce84c6e0b4d628cbfe3f"
        },
        {
          "alg" : "SHA3-512",
          "content" : "5050f9690ce7646dea8c20c61f2aaa3fd02203a0a221cbcfec0c1b602ce2fba345af834ef475754bfa9fc4a356e53a43f8aefedcea9a7f6d43d8a223d6d0dfa1"
        }
      ],
      "licenses" : [
        {
          "license" : {
            "id" : "EPL-2.0"
          }
        }
      ],
      "purl" : "pkg:maven/org.junit.jupiter/junit-jupiter-api@5.10.5?type=jar",
      "externalReferences" : [
        {
          "type" : "website",
          "url" : "https://junit.org/junit5/"
        },
        {
          "type" : "vcs",
          "url" : "https://github.com/junit-team/junit5"
        }
      ]
    },
    {
      "type" : "library",
      "bom-ref" : "pkg:maven/org.opentest4j/opentest4j@1.3.0?type=jar",
      "group" : "org.opentest4j",
      "name" : "opentest4j",
      "version" : "1.3.0",
      "description" : "Open Test Alliance for the JVM",
      "scope" : "required",
      "hashes" : [
        {
          "alg" : "MD5",
          "content" : "03c404f727531f3fd3b4c73997899327"
        },
        {
          "alg" : "SHA-1",
          "content" : "152ea56b3a72f655d4fd677fc0ef2596c3dd5e6e"
        },
        {
          "alg" : "SHA-256",
          "content" : "48e2df636cab6563ced64dcdff8abb2355627cb236ef0bf37598682ddf742f1b"
        },
        {
          "alg" : "SHA-512",
          "content" : "78fc698a7871bb50305e3657893c10500595f043348d875f57bc39ca4a6a51eda3967b7c8c8a7ec3e8f85f2171bca4aa98823e912e416e87e81c6ba5b70a37c3"
        },
        {
          "alg" : "SHA-384",
          "content" : "10398b6998c9202a0731e2e19ae1c3f9d8a83582c2663fe7bdda15794ee6fa816727dbd8f7c7164bd5395ee1cfe7c97e"
        },
        {
          "alg" : "SHA3-384",
          "content" : "3abe706fd78509c25a402c7bbf6f9ddf71ffb5b35054864ba0fdf7902207115f888a0ba728fd71d2e87a9360d2498121"
        },
        {
          "alg" : "SHA3-256",
          "content" : "d961907a1bfa1dcda329dca494ffbc251b31fabcaca5ab7095661a8ce3c1d654"
        },
        {
          "alg" : "SHA3-512",
          "content" : "0ad661617bcac51bcd26f7ad4611c69b1fd9811b50dbf734e041a3243ab1f845e7796620e8a7c40c4a2df3946864598b1251396c7d9bd813203d82710788cce0"
        }
      ],
      "licenses" : [
        {
          "license" : {
            "id" : "Apache-2.0"
          }
        }
      ],
      "purl" : "pkg:maven/org.opentest4j/opentest4j@1.3.0?type=jar",
      "externalReferences" : [
        {
          "type" : "website",
          "url" : "https://github.com/ota4j-team/opentest4j"
        },
        {
          "type" : "vcs",
          "url" : "https://github.com/ota4j-team/opentest4j"
        }
      ]
    },
    {
      "type" : "library",
      "bom-ref" : "pkg:maven/org.junit.platform/junit-platform-commons@1.10.5?type=jar",
      "group" : "org.junit.platform",
      "name" : "junit-platform-commons",
      "version" : "1.10.5",
      "description" : "Module \"junit-platform-commons\" of JUnit 5.",
      "scope" : "required",
      "hashes" : [
        {
          "alg" : "MD5",
          "content" : "e7ceca1cd99f5b27236326785d03cb91"
        },
        {
          "alg" : "SHA-1",
          "content" : "6d1985c5eece30fb9faafe9bf1f5e005ac3d0fcc"
        },
        {
          "alg" : "SHA-256",
          "content" : "abdaeaaf4cebd121ab9a7498ed7861693d2bb0ac5976b26c0060a308922ef49d"
        },
        {
          "alg" : "SHA-512",
          "content" : "9fad34e6328b1173bfe2434e20d658705a503c608119890529a6a0b2d4f6355269410cd78e779ed3ee8b23146754d7d80c8109a59af8f5a05fd0f55fc56d382e"
        },
        {
          "alg" : "SHA-384",
          "content" : "5b3ae3eff8285a6c41b7ba2e55e10df223683e81c0434dcbd3128cc821b02056779ba7a724765044dc49f79e2bd15675"
        },
        {
          "alg" : "SHA3-384",
          "content" : "448ff8c4310730a79d9e59d5db12aafbf1d12ad41be969f6e7c27e845f9232b5b44242f3b5dec1a80136cafd7ccfd89c"
        },
        {
          "alg" : "SHA3-256",
          "content" : "225afcf960aab3bc6a23b3584a720e756bae71572edffcdd767e0ac3bb1b8029"
        },
        {
          "alg" : "SHA3-512",
          "content" : "ac89657792728e5f66e7a2209a4b89632057fe786c40bddd6948f4157a21817e61f737ef9935225428c560272693b891c1767ec860b2df2cd0b374090c7ea9c5"
        }
      ],
      "licenses" : [
        {
          "license" : {
            "id" : "EPL-2.0"
          }
        }
      ],
      "purl" : "pkg:maven/org.junit.platform/junit-platform-commons@1.10.5?type=jar",
      "externalReferences" : [
        {
          "type" : "website",
          "url" : "https://junit.org/junit5/"
        },
        {
          "type" : "vcs",
          "url" : "https://github.com/junit-team/junit5"
        }
      ]
    },
    {
      "type" : "library",
      "bom-ref" : "pkg:maven/org.apiguardian/apiguardian-api@1.1.2?type=jar",
      "group" : "org.apiguardian",
      "name" : "apiguardian-api",
      "version" : "1.1.2",
      "description" : "@API Guardian",
      "scope" : "required",
      "hashes" : [
        {
          "alg" : "MD5",
          "content" : "8c7de3f82037fa4a2e8be2a2f13092af"
        },
        {
          "alg" : "SHA-1",
          "content" : "a231e0d844d2721b0fa1b238006d15c6ded6842a"
        },
        {
          "alg" : "SHA-256",
          "content" : "b509448ac506d607319f182537f0b35d71007582ec741832a1f111e5b5b70b38"
        },
        {
          "alg" : "SHA-512",
          "content" : "d7ccd0e7019f1a997de39d66dc0ad4efe150428fdd7f4c743c93884f1602a3e90135ad34baea96d5b6d925ad6c0c8487c8e78304f0a089a12383d4a62e2c9a61"
        },
        {
          "alg" : "SHA-384",
          "content" : "5ae11cfedcee7da43a506a67946ddc8a7a2622284a924ba78f74541e9a22db6868a15f5d84edb91a541e38afded734ea"
        },
        {
          "alg" : "SHA3-384",
          "content" : "c146116b3dfd969200b2ce52d96b92dd02d6f5a45a86e7e85edf35600ddbc2f3c6e8a1ad7e2db4dcd2c398c09fad0927"
        },
        {
          "alg" : "SHA3-256",
          "content" : "b4b436d7f615fc0b820204e69f83c517d1c1ccc5f6b99e459209ede4482268de"
        },
        {
          "alg" : "SHA3-512",
          "content" : "7b95b7ac68a6891b8901b5507acd2c24a0c1e20effa63cd513764f513eab4eb55f8de5178edbe0a400c11f3a18d3f56243569d6d663100f06dd98288504c09c5"
        }
      ],
      "licenses" : [
        {
          "license" : {
            "id" : "Apache-2.0"
          }
        }
      ],
      "purl" : "pkg:maven/org.apiguardian/apiguardian-api@1.1.2?type=jar",
      "externalReferences" : [
        {
          "type" : "website",
          "url" : "https://github.com/apiguardian-team/apiguardian"
        },
        {
          "type" : "vcs",
          "url" : "https://github.com/apiguardian-team/apiguardian"
        }
      ]
    },
    {
      "type" : "library",
      "bom-ref" : "pkg:maven/org.junit.jupiter/junit-jupiter-params@5.10.5?type=jar",
      "group" : "org.junit.jupiter",
      "name" : "junit-jupiter-params",
      "version" : "5.10.5",
      "description" : "Module \"junit-jupiter-params\" of JUnit 5.",
      "scope" : "required",
      "hashes" : [
        {
          "alg" : "MD5",
          "content" : "46c6c8fb04d741c5892a13bd9ff21504"
        },
        {
          "alg" : "SHA-1",
          "content" : "e19d95e190aedb81c883d50cc05b1860400d957c"
        },
        {
          "alg" : "SHA-256",
          "content" : "9f00bf572c3e7f196091234e08e21d32facc47ad2a446bf444dc2720334baaf4"
        },
        {
          "alg" : "SHA-512",
          "content" : "9ab04921c68d262f89bc7f02024d0cf344220c9b01999e3ee69e79760711c243a0e0d0dbfe5e1fe677479885486ce6cf51fe34c2e65199e6aef497c29b613daa"
        },
        {
          "alg" : "SHA-384",
          "content" : "44d391b9193ba3c5a32f0f7d4727abdba15028f34217530cd122f41842bc5ed1232cc4f6f1e14da3247bf8f7bddacd23"
        },
        {
          "alg" : "SHA3-384",
          "content" : "71337b511a05fcf71ed0ec069ac05649866b4daa5bba0e98f2afd6b9ddbfbd94fe716baa3a1758f4aa45d28c422ee895"
        },
        {
          "alg" : "SHA3-256",
          "content" : "c32c96d171a07e545062592861f00a4d7bc0c762c69376ec2e39938e2c59ddb0"
        },
        {
          "alg" : "SHA3-512",
          "content" : "7daa468dbc595511bf410731bfa8713eeff5c9f5a934124e32a67c0acf8b5613604c76041dcc41932a7823cf8763ac38a6eb18e442f4e997d655c63986f87f5a"
        }
      ],
      "licenses" : [
        {
          "license" : {
            "id" : "EPL-2.0"
          }
        }
      ],
      "purl" : "pkg:maven/org.junit.jupiter/junit-jupiter-params@5.10.5?type=jar",
      "externalReferences" : [
        {
          "type" : "website",
          "url" : "https://junit.org/junit5/"
        },
        {
          "type" : "vcs",
          "url" : "https://github.com/junit-team/junit5"
        }
      ]
    },
    {
      "type" : "library",
      "bom-ref" : "pkg:maven/org.junit.jupiter/junit-jupiter-engine@5.10.5?type=jar",
      "group" : "org.junit.jupiter",
      "name" : "junit-jupiter-engine",
      "version" : "5.10.5",
      "description" : "Module \"junit-jupiter-engine\" of JUnit 5.",
      "scope" : "required",
      "hashes" : [
        {
          "alg" : "MD5",
          "content" : "4d5239a53c798677e8445802c3547819"
        },
        {
          "alg" : "SHA-1",
          "content" : "e234785788419ffdfc4b65474b2081c0a9f7e77d"
        },
        {
          "alg" : "SHA-256",
          "content" : "11af62d3b0806b5de4550b1ec384e9b97b08757c468fcbdcb8d56d88e7e18470"
        },
        {
          "alg" : "SHA-512",
          "content" : "0cc2d835bcd2bf53669a307be9bf532cf88e3d4c4fd7a8663f2be136f94da2c7ecdc5b2f5cb5225987738e9aceaa0e9e5f79aa7e46e8fa1a7791d513eeeda559"
        },
        {
          "alg" : "SHA-384",
          "content" : "8b34b62ef3ecd2e843ba039ec9b53c65646c3fbaf6b668ddf91bf29feaba8ea6b665b202d1f543753ab4ae585f8b2e07"
        },
        {
          "alg" : "SHA3-384",
          "content" : "10e43bb49b1f9a5333a3cd9b3620b089f5aca266bbe14c95923433e5de4b37cf34ff28ffd1180ca205d5eeaae0ed63c8"
        },
        {
          "alg" : "SHA3-256",
          "content" : "095da6ad358718195bb6001041428b5e3e69f8ff16e9552088df1937f33f9adc"
        },
        {
          "alg" : "SHA3-512",
          "content" : "990e75642f30e18aae759b73d85ca9c2250ba16c3832e8864cc5e44281482bfba69abf6eb815cc98cfca64a9aa6d96e80ab55f0d2a5e3f56ce11d5d82387ddea"
        }
      ],
      "licenses" : [
        {
          "license" : {
            "id" : "EPL-2.0"
          }
        }
      ],
      "purl" : "pkg:maven/org.junit.jupiter/junit-jupiter-engine@5.10.5?type=jar",
      "externalReferences" : [
        {
          "type" : "website",
          "url" : "https://junit.org/junit5/"
        },
        {
          "type" : "vcs",
          "url" : "https://github.com/junit-team/junit5"
        }
      ]
    },
    {
      "type" : "library",
      "bom-ref" : "pkg:maven/org.junit.platform/junit-platform-engine@1.10.5?type=jar",
      "group" : "org.junit.platform",
      "name" : "junit-platform-engine",
      "version" : "1.10.5",
      "description" : "Module \"junit-platform-engine\" of JUnit 5.",
      "scope" : "required",
      "hashes" : [
        {
          "alg" : "MD5",
          "content" : "32b2633dc08307fe1f97e878c9b5ae07"
        },
        {
          "alg" : "SHA-1",
          "content" : "7db4b98a955a2686d893a8a209591f029c438b44"
        },
        {
          "alg" : "SHA-256",
          "content" : "bfd71f57dffefee94e3f0cfd553be5e5dd7b8f9f273aba2515075e28b8c8e76a"
        },
        {
          "alg" : "SHA-512",
          "content" : "3f1dfa2b4e75df728169ca40b28870f63565bbf64d03b680f4d009eaca7043d6bdd6c8ffbfde6d5f09fd4f355d72bf66139356f982587ef457176d55011fde97"
        },
        {
          "alg" : "SHA-384",
          "content" : "5890ffb5eb585d4eda88506b4517a8d7f974fa38e926896c129b41a28dc060acd83ecd59b3ee04f10679b5934813adb4"
        },
        {
          "alg" : "SHA3-384",
          "content" : "486246236a46e8f16c74a40a85686914abc7c946baa5e8783ef186ec5f4aa92ac94365a675d7af584bca0f29a8e9eb41"
        },
        {
          "alg" : "SHA3-256",
          "content" : "fda8c63c16b7c8182e99262ce66dc5f25a4cc19773b65245e64ddb62bd5c21b5"
        },
        {
          "alg" : "SHA3-512",
          "content" : "b7a21fc7dac08f839af8d72b28cc27329d319bae6690082b4838f1bf39a5d7874490aaeca1c89c58a32c72c1437fe138dbeb7a2e60c32b2d9e7fdadccf07db1b"
        }
      ],
      "licenses" : [
        {
          "license" : {
            "id" : "EPL-2.0"
          }
        }
      ],
      "purl" : "pkg:maven/org.junit.platform/junit-platform-engine@1.10.5?type=jar",
      "externalReferences" : [
        {
          "type" : "website",
          "url" : "https://junit.org/junit5/"
        },
        {
          "type" : "vcs",
          "url" : "https://github.com/junit-team/junit5"
        }
      ]
    },
    {
      "type" : "library",
      "bom-ref" : "pkg:maven/org.mockito/mockito-core@5.11.0?type=jar",
      "group" : "org.mockito",
      "name" : "mockito-core",
      "version" : "5.11.0",
      "description" : "Mockito mock objects library core API and implementation",
      "scope" : "required",
      "hashes" : [
        {
          "alg" : "MD5",
          "content" : "73997150a1d85f77aa03fdb7750dc2d0"
        },
        {
          "alg" : "SHA-1",
          "content" : "e4069fa4f4ff2c94322cfec5f2e45341c6c70aff"
        },
        {
          "alg" : "SHA-256",
          "content" : "f076c96b1f49b8d9bc42e46b0969aaf5684c40c8b5b679d400e5d880073a0e00"
        },
        {
          "alg" : "SHA-512",
          "content" : "5650c154e8fc903e31981bd2dceba4607e99a5d98145f7952312cfa1523d8f1e4098641c2000a5d64b1ba80d660c64f1c3bbebdcb3433a306178446b4e59f379"
        },
        {
          "alg" : "SHA-384",
          "content" : "94fe45a4b64f05f96c06b184ab50b9e30f85b963f81aaa655d987ea9906231a032b78c2b368f3db4c63c74de81909b16"
        },
        {
          "alg" : "SHA3-384",
          "content" : "fd740c86027b8703be3908a9489ed117a4e6a085795d39aeeaf0328b51d34e8316d24e0dc63767a4656f049723317f9f"
        },
        {
          "alg" : "SHA3-256",
          "content" : "edbb70907d8d0c76b11669b7514a3d90a57ff051313c9ef01ae6e3b69468b7d8"
        },
        {
          "alg" : "SHA3-512",
          "content" : "5067969e69795a072d0a7ed6fc39797e291b2efe23fb8077fc8f5a620f7895f3e9a08d86adeb7a674de34891b8a5ba522e83b4f9792a0d0c529e5d38f44cec0d"
        }
      ],
      "licenses" : [
        {
          "license" : {
            "id" : "MIT",
            "url" : "https://opensource.org/license/mit/"
          }
        }
      ],
      "purl" : "pkg:maven/org.mockito/mockito-core@5.11.0?type=jar",
      "externalReferences" : [
        {
          "type" : "website",
          "url" : "https://github.com/mockito/mockito"
        },
        {
          "type" : "build-system",
          "url" : "https://github.com/mockito/mockito/actions"
        },
        {
          "type" : "issue-tracker",
          "url" : "https://github.com/mockito/mockito/issues"
        },
        {
          "type" : "vcs",
          "url" : "https://github.com/mockito/mockito.git"
        }
      ]
    },
    {
      "type" : "library",
      "bom-ref" : "pkg:maven/net.bytebuddy/byte-buddy-agent@1.14.19?type=jar",
      "group" : "net.bytebuddy",
      "name" : "byte-buddy-agent",
      "version" : "1.14.19",
      "description" : "The Byte Buddy agent offers convenience for attaching an agent to the local or a remote VM.",
      "scope" : "required",
      "hashes" : [
        {
          "alg" : "MD5",
          "content" : "6a974aa27ef3ae082f74b1dffdcf2211"
        },
        {
          "alg" : "SHA-1",
          "content" : "154da3a65b4f4a909d3e5bdec55d1b2b4cbb6ce1"
        },
        {
          "alg" : "SHA-256",
          "content" : "9f33867a61e7261af0fe4b78e8d8434284b577295978524d1681e5bfbcfde84d"
        },
        {
          "alg" : "SHA-512",
          "content" : "75b1fdef9b42bfcb5a86370391486bfb8776c1e9920a5fc8565062e158976918f83497b00b047bf8a72ca0e4edff924f1ef286ebcbfb14d0c6ab3430a307ead5"
        },
        {
          "alg" : "SHA-384",
          "content" : "bb5cc40d46ebe09c24deb72d8400dff6ab497fb732aad1a43fa43e6dc308433d1ffa8041b4fc881ad9453fdabfc40489"
        },
        {
          "alg" : "SHA3-384",
          "content" : "7e7e3c4d8a3aa5b60588cfc4b108cb321214949bc096dfaf1ed39571462de40078fa3ba8cd809e8f2cc0cf64399de2c4"
        },
        {
          "alg" : "SHA3-256",
          "content" : "8391f1556d0dc9e36fbbd550a7e6b38f984b8813dff03e14b2e06891395bd3c2"
        },
        {
          "alg" : "SHA3-512",
          "content" : "0c52a32cd5bd66b3da83632f183768fefa9e78611fe4afb8b404749cdeb4d0e9bccb906777385a0c37e4c435c4084276ec23f8cdcaab63e5b209ef7c1c8d2e76"
        }
      ],
      "licenses" : [
        {
          "license" : {
            "id" : "Apache-2.0"
          }
        }
      ],
      "purl" : "pkg:maven/net.bytebuddy/byte-buddy-agent@1.14.19?type=jar",
      "externalReferences" : [
        {
          "type" : "website",
          "url" : "https://bytebuddy.net/byte-buddy-agent"
        },
        {
          "type" : "distribution-intake",
          "url" : "https://s01.oss.sonatype.org/service/local/staging/deploy/maven2"
        },
        {
          "type" : "issue-tracker",
          "url" : "https://github.com/raphw/byte-buddy/issues"
        }
      ]
    },
    {
      "type" : "library",
      "bom-ref" : "pkg:maven/org.objenesis/objenesis@3.3?type=jar",
      "publisher" : "Joe Walnes, Henri Tremblay, Leonardo Mesquita",
      "group" : "org.objenesis",
      "name" : "objenesis",
      "version" : "3.3",
      "description" : "A library for instantiating Java objects",
      "scope" : "required",
      "hashes" : [
        {
          "alg" : "MD5",
          "content" : "ab0e0b2ab81affdd7f38bcc60fd85571"
        },
        {
          "alg" : "SHA-1",
          "content" : "1049c09f1de4331e8193e579448d0916d75b7631"
        },
        {
          "alg" : "SHA-256",
          "content" : "02dfd0b0439a5591e35b708ed2f5474eb0948f53abf74637e959b8e4ef69bfeb"
        },
        {
          "alg" : "SHA-512",
          "content" : "1fa990d15bd179f07ffbc460d580a6fd0562e45dee8bd4a9405917536b78f45c0d6f644b67f85d781c758aa56eff90aef23eedcc9bd7f5ff887a67b716083e61"
        },
        {
          "alg" : "SHA-384",
          "content" : "2f6878f91a12db32c244afcee619d57c3ad6ff0297f4e41c2247e737c1ccc5fcc1ce03256b479b0f9b87900410bc4502"
        },
        {
          "alg" : "SHA3-384",
          "content" : "a3dd9f6908fe732900d50eb209988183ffcf511afb4e401ef95b75c51777709d2d10e1dc9ee386b7357c5c2cbcf8c00e"
        },
        {
          "alg" : "SHA3-256",
          "content" : "fd2b66d174ed68cbfcda41d5cbd29db766c5676866d6b2324b446a87afab3a9f"
        },
        {
          "alg" : "SHA3-512",
          "content" : "ef509e8bcea73bc282287205ffc7625508080be44c16948137274f189459624891dcf109118c9feff109e1aa99becf176f8db837ac4fd586201510c3ae2ea30a"
        }
      ],
      "licenses" : [
        {
          "license" : {
            "id" : "Apache-2.0"
          }
        }
      ],
      "purl" : "pkg:maven/org.objenesis/objenesis@3.3?type=jar",
      "externalReferences" : [
        {
          "type" : "website",
          "url" : "http://objenesis.org/objenesis"
        },
        {
          "type" : "distribution-intake",
          "url" : "https://oss.sonatype.org/service/local/staging/deploy/maven2/"
        },
        {
          "type" : "vcs",
          "url" : "https://github.com/easymock/objenesis/objenesis"
        }
      ]
    },
    {
      "type" : "library",
      "bom-ref" : "pkg:maven/org.mockito/mockito-junit-jupiter@5.11.0?type=jar",
      "group" : "org.mockito",
      "name" : "mockito-junit-jupiter",
      "version" : "5.11.0",
      "description" : "Mockito JUnit 5 support",
      "scope" : "required",
      "hashes" : [
        {
          "alg" : "MD5",
          "content" : "42d14b53962b3641779a11271c26418f"
        },
        {
          "alg" : "SHA-1",
          "content" : "8e658dd339f40305ed4293db25545b5df98b171b"
        },
        {
          "alg" : "SHA-256",
          "content" : "a30ea4fe0484e54f64cdc15269a6c6ff1bd89bc26a0d41e4c27cb91cb78dc548"
        },
        {
          "alg" : "SHA-512",
          "content" : "0edd73998e6b6cf3ab694edca66242b6e53414c68156c35fafabeb58bf467d6bfec8adad64022a808ccf9afdba7782ecdd733bd7a7a5638fbe58eae4283e1818"
        },
        {
          "alg" : "SHA-384",
          "content" : "c92734ef600b3e17603fc714fb5c4b85394948f1f6a53d913fb5b120b1da4a3fdb4ce9e774acb1ca28f637c59b89724c"
        },
        {
          "alg" : "SHA3-384",
          "content" : "c33117a7081412c0dea6d5e2ea38ab252351d9066220142941dcb1cb4f7b461b6b9c181f345d95d6761a8eca03a85568"
        },
        {
          "alg" : "SHA3-256",
          "content" : "9e0b18e6194ae27685a06292f93f2da5c67cb657fad0fbcca3c34ce14ff079b3"
        },
        {
          "alg" : "SHA3-512",
          "content" : "173a8b737b919ce7fa578ee4e1d676c3a5306f85b63aa93809d4b052f269b3c1ce035669b6b7dbea770ca196212a20f4644bfc2d1dcee540288d43d81c5107c1"
        }
      ],
      "licenses" : [
        {
          "license" : {
            "id" : "MIT",
            "url" : "https://opensource.org/license/mit/"
          }
        }
      ],
      "purl" : "pkg:maven/org.mockito/mockito-junit-jupiter@5.11.0?type=jar",
      "externalReferences" : [
        {
          "type" : "website",
          "url" : "https://github.com/mockito/mockito"
        },
        {
          "type" : "build-system",
          "url" : "https://github.com/mockito/mockito/actions"
        },
        {
          "type" : "issue-tracker",
          "url" : "https://github.com/mockito/mockito/issues"
        },
        {
          "type" : "vcs",
          "url" : "https://github.com/mockito/mockito.git"
        }
      ]
    },
    {
      "type" : "library",
      "bom-ref" : "pkg:maven/org.skyscreamer/jsonassert@1.5.3?type=jar",
      "group" : "org.skyscreamer",
      "name" : "jsonassert",
      "version" : "1.5.3",
      "description" : "Write JSON unit tests in less code. Great for testing REST interfaces.",
      "scope" : "required",
      "hashes" : [
        {
          "alg" : "MD5",
          "content" : "aee6947b4d626e3e37c21c7ac7652ae6"
        },
        {
          "alg" : "SHA-1",
          "content" : "aaa43e0823d2a0e106e8754d6a9c4ab24e05e9bc"
        },
        {
          "alg" : "SHA-256",
          "content" : "719095c07d4203961320da593441d8b3b643c18eb1d81aa98ea933bb7eb351ba"
        },
        {
          "alg" : "SHA-512",
          "content" : "63506721e8e902d21a013ba2e32e964a4eecb91584b58e911465382f5a0bf16af202daad01ca7ea16e2f0c489869cf41008b8669d81130c78b245da7aae41928"
        },
        {
          "alg" : "SHA-384",
          "content" : "b7050f811e9afc925024642fecd0df489fa54ea1fcbce8904efd047bb827e28fb508336d39b9c196892d108455f81abf"
        },
        {
          "alg" : "SHA3-384",
          "content" : "4604ae28a6774ada5e93eeb1f19d68b052d0b8b341d4b4612519c284a5f3b02acbd17e500fab6a0cacbb042e269f4bac"
        },
        {
          "alg" : "SHA3-256",
          "content" : "3e5cfea37090d1a5142b7902b1a546af8459f25b317760353d8636beca684d3e"
        },
        {
          "alg" : "SHA3-512",
          "content" : "93b71732ea8b5828f5819e93ad945a8e1b51aee5d3fb7443c05d08b98014c8df12de3951afb70436e8a2c459908456ff59470a0a0b54b76a78aa89bca49af46d"
        }
      ],
      "licenses" : [
        {
          "license" : {
            "id" : "Apache-2.0"
          }
        }
      ],
      "purl" : "pkg:maven/org.skyscreamer/jsonassert@1.5.3?type=jar",
      "externalReferences" : [
        {
          "type" : "website",
          "url" : "https://github.com/skyscreamer/JSONassert"
        }
      ]
    },
    {
      "type" : "library",
      "bom-ref" : "pkg:maven/com.vaadin.external.google/android-json@0.0.20131108.vaadin1?type=jar",
      "group" : "com.vaadin.external.google",
      "name" : "android-json",
      "version" : "0.0.20131108.vaadin1",
      "description" : "  JSON (JavaScript Object Notation) is a lightweight data-interchange format. This is the org.json compatible Android implementation extracted from the Android SDK  ",
      "scope" : "required",
      "hashes" : [
        {
          "alg" : "MD5",
          "content" : "10612241a9cc269501a7a2b8a984b949"
        },
        {
          "alg" : "SHA-1",
          "content" : "fa26d351fe62a6a17f5cda1287c1c6110dec413f"
        },
        {
          "alg" : "SHA-256",
          "content" : "dfb7bae2f404cfe0b72b4d23944698cb716b7665171812a0a4d0f5926c0fac79"
        },
        {
          "alg" : "SHA-512",
          "content" : "c4a06a0a3ce7bdbee702c06944265c050a4c8d2fbd21c248936e2edfdab63acea30f2cf3568d3c21a559940d939985a8b10d30aff972a3e8cbeb392c0b02da3a"
        },
        {
          "alg" : "SHA-384",
          "content" : "60d1044b5439cdf5eb621118cb0581365ab4f023a30998b238b87854236f03d8395d45b0262fb812335ff904cb77f25f"
        },
        {
          "alg" : "SHA3-384",
          "content" : "b80ebdbec2127279ca402ca52e50374d3ca773376258f6aa588b442822ee7362de8cca206db71b79862bde84018cf450"
        },
        {
          "alg" : "SHA3-256",
          "content" : "6285b1ac8ec5fd339c7232affd9c08e6daf91dfa18ef8ae7855f52281d76627e"
        },
        {
          "alg" : "SHA3-512",
          "content" : "de7ed83f73670213b4eeacfd7b3ceb7fec7d88ac877f41aeaacf43351d04b34572f2edc9a8f623af5b3fccab3dac2cc048f5c8803c1d4dcd1ff975cd6005124d"
        }
      ],
      "licenses" : [
        {
          "license" : {
            "id" : "Apache-2.0",
            "url" : "https://www.apache.org/licenses/LICENSE-2.0"
          }
        }
      ],
      "purl" : "pkg:maven/com.vaadin.external.google/android-json@0.0.20131108.vaadin1?type=jar",
      "externalReferences" : [
        {
          "type" : "website",
          "url" : "http://developer.android.com/sdk"
        },
        {
          "type" : "distribution-intake",
          "url" : "http://oss.sonatype.org/content/repositories/vaadin-releases/"
        },
        {
          "type" : "vcs",
          "url" : "http://developer.android.com/sdk/"
        }
      ]
    },
    {
      "type" : "library",
      "bom-ref" : "pkg:maven/org.springframework/spring-core@6.1.24?type=jar",
      "publisher" : "Spring IO",
      "group" : "org.springframework",
      "name" : "spring-core",
      "version" : "6.1.24",
      "description" : "Spring Core",
      "scope" : "required",
      "hashes" : [
        {
          "alg" : "MD5",
          "content" : "20234bc13e8b08b0214dd1730da4bd92"
        },
        {
          "alg" : "SHA-1",
          "content" : "bb1a9cc48e5b3059002f2738b5aebdec7639f3bf"
        },
        {
          "alg" : "SHA-256",
          "content" : "996206e1fda8fc7359c3773c14beebf8d98e2fea604ef83440634911e8b9577e"
        },
        {
          "alg" : "SHA-512",
          "content" : "6c8a7b5db732ce584d846980b57a983a49fef67c36e2faee8257497af8fba042458c5c5148a729be22b9549f5fe9eb1d38222e8f17b9015cb56d457fe924e68e"
        },
        {
          "alg" : "SHA-384",
          "content" : "827f3884ecdfc4f58a0f6832a7ee8319b9db79243aa600173de4dd0e47d017508fc23aace4400f0cd133cffcc46b8150"
        },
        {
          "alg" : "SHA3-384",
          "content" : "e6f526437e3f42c4d2eb2b706630345492ed1ab3320f292dcfe3a35bcc5f5503002a86656ad64da7cde568e8b70d7ad3"
        },
        {
          "alg" : "SHA3-256",
          "content" : "504395b79cb3aa89893d609bbf3f985f1dfd59fce693505c978460da457ab21d"
        },
        {
          "alg" : "SHA3-512",
          "content" : "3fa8496c89cd773b86bd800ddb49c36f37bdf6f80b72ef3f2bd63c9cd676f400383900e4e56e7feabb5d2fbb9c7657c663ebee68f456e64b0e8d936f9627018e"
        }
      ],
      "licenses" : [
        {
          "license" : {
            "name" : "Broadcom Foundation License"
          }
        }
      ],
      "purl" : "pkg:maven/org.springframework/spring-core@6.1.24?type=jar",
      "externalReferences" : [
        {
          "type" : "website",
          "url" : "https://github.com/spring-projects/spring-framework"
        },
        {
          "type" : "issue-tracker",
          "url" : "https://github.com/spring-projects/spring-framework/issues"
        },
        {
          "type" : "vcs",
          "url" : "https://github.com/spring-projects/spring-framework"
        }
      ]
    },
    {
      "type" : "library",
      "bom-ref" : "pkg:maven/org.springframework/spring-jcl@6.1.24?type=jar",
      "publisher" : "Spring IO",
      "group" : "org.springframework",
      "name" : "spring-jcl",
      "version" : "6.1.24",
      "description" : "Spring Commons Logging Bridge",
      "scope" : "required",
      "hashes" : [
        {
          "alg" : "MD5",
          "content" : "18afddf379f1d12cbf7cee0f4dee5db6"
        },
        {
          "alg" : "SHA-1",
          "content" : "28a1bf1367b67a875818688aa4a04cf56c6063ac"
        },
        {
          "alg" : "SHA-256",
          "content" : "4322d5ed06209b52419f20b49d234fe739c78b850200def782dc555380b4c611"
        },
        {
          "alg" : "SHA-512",
          "content" : "4add1236c68747eed29d9c48e2e9b5a83438052c5d1d20abd17cc50e123711f775f2148203fe98db661e06f1da455dc84fd5dd744ca1c8a158ffa49c243c2294"
        },
        {
          "alg" : "SHA-384",
          "content" : "1b1a013c8d30eb7867b7f01d4d2aadf15169a72912e193d5241acc4da0cdbd59c9620a5ae77bb5abefd1cd4a2ddd96f4"
        },
        {
          "alg" : "SHA3-384",
          "content" : "d8b813aafae7412f469f0e75dd9327063dca1391f4a5ddc853afd7e16abdab3b0a328ee70cbcddfc3295389b8189d6a6"
        },
        {
          "alg" : "SHA3-256",
          "content" : "ec3fae723730ac7fa0a7f09790faebc628102234350f173142c584940703236f"
        },
        {
          "alg" : "SHA3-512",
          "content" : "01e2bfd58ee8a2318bd814bfb5eff2048a0b5b68c2c8988bc6188204be3e6dbeaa8e04f6df20c8682e610f637e40e5b5a287bd857070494561bad7c6d256cbca"
        }
      ],
      "licenses" : [
        {
          "license" : {
            "name" : "Broadcom Foundation License"
          }
        }
      ],
      "purl" : "pkg:maven/org.springframework/spring-jcl@6.1.24?type=jar",
      "externalReferences" : [
        {
          "type" : "website",
          "url" : "https://github.com/spring-projects/spring-framework"
        },
        {
          "type" : "issue-tracker",
          "url" : "https://github.com/spring-projects/spring-framework/issues"
        },
        {
          "type" : "vcs",
          "url" : "https://github.com/spring-projects/spring-framework"
        }
      ]
    },
    {
      "type" : "library",
      "bom-ref" : "pkg:maven/org.springframework/spring-test@6.1.24?type=jar",
      "publisher" : "Spring IO",
      "group" : "org.springframework",
      "name" : "spring-test",
      "version" : "6.1.24",
      "description" : "Spring TestContext Framework",
      "scope" : "required",
      "hashes" : [
        {
          "alg" : "MD5",
          "content" : "414e754b5b42aaaea47f8061d796d044"
        },
        {
          "alg" : "SHA-1",
          "content" : "85638a0c39c5b5cd66dfc6326a4a0b942587b0b7"
        },
        {
          "alg" : "SHA-256",
          "content" : "50ed06af1b3e25d16364f73007e5bcfce521d8daca97eb650519b902f25b1432"
        },
        {
          "alg" : "SHA-512",
          "content" : "28a63a2754e91a872ca7d70d1676c80a23da00b84f08ef7f77c8973c1db6d96d5a3ceda754e70e5cb089b787e4ffd1560f5a6789a15d72ee333ce3f8ac95054d"
        },
        {
          "alg" : "SHA-384",
          "content" : "5dee9a6fc8b56b0ca0f9f08351f91105ae3d1f50cab5f96b7c3f0290f2d5f4a2837f809aac2c6c619aa029255cb93393"
        },
        {
          "alg" : "SHA3-384",
          "content" : "8d71af49c293b2c7656eceb2c2c38e4bf5b524e7fbe3a8e2a867495fc104d8ee07039c0b0999f6afc05431c4fb65c034"
        },
        {
          "alg" : "SHA3-256",
          "content" : "ff69540eb1ffb46e5bb4febc778d093f0b6a688dcd6adaef60090e7aeea8f09c"
        },
        {
          "alg" : "SHA3-512",
          "content" : "7f70ab3a63a661033fe58843fa76d9118cfa1389cf320d5ea8bef15269b1aaa1bfa6ec3de4017a4be7beda53e2567f23fd70e4585083d39e31eae5cce95a4700"
        }
      ],
      "licenses" : [
        {
          "license" : {
            "name" : "Broadcom Foundation License"
          }
        }
      ],
      "purl" : "pkg:maven/org.springframework/spring-test@6.1.24?type=jar",
      "externalReferences" : [
        {
          "type" : "website",
          "url" : "https://github.com/spring-projects/spring-framework"
        },
        {
          "type" : "issue-tracker",
          "url" : "https://github.com/spring-projects/spring-framework/issues"
        },
        {
          "type" : "vcs",
          "url" : "https://github.com/spring-projects/spring-framework"
        }
      ]
    },
    {
      "type" : "library",
      "bom-ref" : "pkg:maven/org.xmlunit/xmlunit-core@2.9.1?type=jar",
      "publisher" : "XMLUnit",
      "group" : "org.xmlunit",
      "name" : "xmlunit-core",
      "version" : "2.9.1",
      "description" : "XMLUnit for Java",
      "scope" : "required",
      "hashes" : [
        {
          "alg" : "MD5",
          "content" : "011288450a3905a7d97e3957b69e713e"
        },
        {
          "alg" : "SHA-1",
          "content" : "e5833662d9a1279a37da3ef6f62a1da29fcd68c4"
        },
        {
          "alg" : "SHA-256",
          "content" : "7e70f23d4f75e05f0ee79f0f6b9e13b6cf51d34f36c5fc3a6b839429dde1efef"
        },
        {
          "alg" : "SHA-512",
          "content" : "1d07dc1582a1930664ab3cffd1443e85c83fec138c663f3070a9d3b283f818157b2cdd1589595867281a96d3b444b18c22c1ee3249a75c857c6ee9682785e8a3"
        },
        {
          "alg" : "SHA-384",
          "content" : "f54a506a08b66776d92d4379712ae9f7658cc89bd7b780eb629bd37143ff68e28cb2314539dc3c1ff13dc9cccba394f2"
        },
        {
          "alg" : "SHA3-384",
          "content" : "7fd679371624f72417612491bac721a49f229744df3fc7455e5fd3983bd2de452a4eaabb707be7bac328f3beeea88d99"
        },
        {
          "alg" : "SHA3-256",
          "content" : "c517aa9c543a4a3df361c30ba6609082a1dd5dc2abc351643ad5b733a1282773"
        },
        {
          "alg" : "SHA3-512",
          "content" : "3797bade2087f791697f6736296381f8b158a2a93f50faeabcd96b4c9f48ad26fd78af56cc1036c449c35e624181961d54acdd7623b84c23c81c72d5d0fa57f1"
        }
      ],
      "licenses" : [
        {
          "license" : {
            "id" : "Apache-2.0"
          }
        }
      ],
      "purl" : "pkg:maven/org.xmlunit/xmlunit-core@2.9.1?type=jar",
      "externalReferences" : [
        {
          "type" : "website",
          "url" : "https://www.xmlunit.org/"
        },
        {
          "type" : "issue-tracker",
          "url" : "https://github.com/xmlunit/xmlunit/issues"
        },
        {
          "type" : "mailing-list",
          "url" : "https://sourceforge.net/p/xmlunit/mailman/xmlunit-general/"
        }
      ]
    },
    {
      "type" : "library",
      "bom-ref" : "pkg:maven/com.h2database/h2@2.2.224?type=jar",
      "group" : "com.h2database",
      "name" : "h2",
      "version" : "2.2.224",
      "description" : "H2 Database Engine",
      "scope" : "required",
      "hashes" : [
        {
          "alg" : "MD5",
          "content" : "769d5a85d19ccc2b06620f8c81d6d8f8"
        },
        {
          "alg" : "SHA-1",
          "content" : "7bdade27d8cd197d9b5ce9dc251f41d2edc5f7ad"
        },
        {
          "alg" : "SHA-256",
          "content" : "b9d8f19358ada82a4f6eb5b174c6cfe320a375b5a9cb5a4fe456d623e6e55497"
        },
        {
          "alg" : "SHA-512",
          "content" : "f2fd97ef57232b3436a0c7aab04cd3a8212851fecd82404a12a4f5fd76059c8841e366dec7a1ab8f9e2a8ccb49ce741a1581094343eb9487c697077cfaad3724"
        },
        {
          "alg" : "SHA-384",
          "content" : "66da2de856d54e820efaf555d47b8e80c14884c8f873b8c2d465df92b146062794133427593bcc2cddc4c98c83348945"
        },
        {
          "alg" : "SHA3-384",
          "content" : "d5b55bb0207e97d02ecba9cd4fcdf1fd3ea5c6cb7d6218ca8823c8931843534f1a5459294c2f070fce28db6ebf25f2f3"
        },
        {
          "alg" : "SHA3-256",
          "content" : "5ad7e8d1bd6c8f3eff68a14f2472316fa34c65f4b654e0a8d4f2241ee2b770be"
        },
        {
          "alg" : "SHA3-512",
          "content" : "66d53fd2944d7cff71acd6846aa89996236fa652ca35747507d136c5f67c0ee6f240ca55cd6803052f36dc94619e0c37435e26ed0953bf96efbbff1b43daae6a"
        }
      ],
      "licenses" : [
        {
          "license" : {
            "id" : "MPL-2.0"
          }
        },
        {
          "license" : {
            "name" : "EPL 1.0",
            "url" : "https://opensource.org/licenses/eclipse-1.0.php"
          }
        }
      ],
      "purl" : "pkg:maven/com.h2database/h2@2.2.224?type=jar",
      "externalReferences" : [
        {
          "type" : "website",
          "url" : "https://h2database.com"
        },
        {
          "type" : "vcs",
          "url" : "https://github.com/h2database/h2database"
        }
      ]
    },
    {
      "type" : "library",
      "bom-ref" : "pkg:maven/com.mysql/mysql-connector-j@8.3.0?type=jar",
      "publisher" : "Oracle Corporation",
      "group" : "com.mysql",
      "name" : "mysql-connector-j",
      "version" : "8.3.0",
      "description" : "JDBC Type 4 driver for MySQL.",
      "scope" : "required",
      "hashes" : [
        {
          "alg" : "MD5",
          "content" : "48d9e8892746315faf8023c1b26fd8bb"
        },
        {
          "alg" : "SHA-1",
          "content" : "1cc7fa5d61f4bbc113531a4ba6d85d41cf3d57e1"
        },
        {
          "alg" : "SHA-256",
          "content" : "94e7fa815370cdcefed915db7f53f88445fac110f8c3818392b992ec9ee6d295"
        },
        {
          "alg" : "SHA-512",
          "content" : "8ff42fce507441f8d00a5070504ee181e56f10de03f51828d5625824793b3b4f43a87fd4307ed52fa849459dc21d2e43606d7fcadc7f5083c10f788b348caf13"
        },
        {
          "alg" : "SHA-384",
          "content" : "4a3a529ba06fcf6d268b572310bb09bf16e425adb9a7e59438aa4b715c93f541d7df2e57e593401f52ffe6bc280539a0"
        },
        {
          "alg" : "SHA3-384",
          "content" : "c3a47f7b88ebfafbf762e8bf5a430b50cd6388cd30b56f6a9673ab1cc2f59dfeb6485a8abc835c60481e7f735b234afe"
        },
        {
          "alg" : "SHA3-256",
          "content" : "527e042f035f1b01b5aa8a7024fc0a3f5167c05ac18b0e1f5aceee8fe8a4e380"
        },
        {
          "alg" : "SHA3-512",
          "content" : "315e67077a312435beab6d9be639786f153d232e63cc7fe945c8f27021a22a3e6788740e92e7eadbd0c8e28155aa3486b40289fba85e8f3cf6effd9d02dd40a9"
        }
      ],
      "licenses" : [
        {
          "license" : {
            "name" : "The GNU General Public License, v2 with Universal FOSS Exception, v1.0"
          }
        }
      ],
      "purl" : "pkg:maven/com.mysql/mysql-connector-j@8.3.0?type=jar",
      "externalReferences" : [
        {
          "type" : "website",
          "url" : "http://dev.mysql.com/doc/connector-j/en/"
        },
        {
          "type" : "vcs",
          "url" : "https://github.com/mysql/mysql-connector-j"
        }
      ]
    },
    {
      "type" : "library",
      "bom-ref" : "pkg:maven/org.postgresql/postgresql@42.7.8?type=jar",
      "publisher" : "PostgreSQL Global Development Group",
      "group" : "org.postgresql",
      "name" : "postgresql",
      "version" : "42.7.8",
      "description" : "PostgreSQL JDBC Driver Postgresql",
      "scope" : "required",
      "hashes" : [
        {
          "alg" : "MD5",
          "content" : "d5626352279a40e69e863fcff564e2f1"
        },
        {
          "alg" : "SHA-1",
          "content" : "81b840fbfe0a6c0b7aa14c6bd4856108d36ed780"
        },
        {
          "alg" : "SHA-256",
          "content" : "2a32a9dcbc42d67a50ad3a0de5efd102c8d2be46720045f2cbd6689f160ab7c7"
        },
        {
          "alg" : "SHA-512",
          "content" : "3ec6f2186ad9f2cbd7916cc1749b61433137c78c13e13b7583507051733318423505fa61908242f4d02e0d90f7db6eecdb6d573a966773d274bf2c78d976573b"
        },
        {
          "alg" : "SHA-384",
          "content" : "bf9f8a4d43343e4a592e5697bbf385f76c0625f0bdec745276071ec6f498fc4031b0f2df98e6127da031185bc654b2f8"
        },
        {
          "alg" : "SHA3-384",
          "content" : "2e8be01c8a09b9c9868e6cef4ade8febdf9d8ef540e183d57596f1df601a0046708e83ae9bd847e27930ff6af6727a9f"
        },
        {
          "alg" : "SHA3-256",
          "content" : "f2ae587021e3d1d57cf837e2e7f87d9dfbf584de35713543c3da49a8b0bd4427"
        },
        {
          "alg" : "SHA3-512",
          "content" : "1467638cb81af9f47979bd863db2496c624d9d72719f85edc9b64070906ea3a7dea3afe3c24a242fa7a25f0d00045778af8634c4219ace5567e0274eb4769ac5"
        }
      ],
      "licenses" : [
        {
          "license" : {
            "id" : "BSD-2-Clause",
            "url" : "https://opensource.org/licenses/BSD-2-Clause"
          }
        }
      ],
      "purl" : "pkg:maven/org.postgresql/postgresql@42.7.8?type=jar",
      "externalReferences" : [
        {
          "type" : "website",
          "url" : "https://jdbc.postgresql.org"
        },
        {
          "type" : "issue-tracker",
          "url" : "https://github.com/pgjdbc/pgjdbc/issues"
        },
        {
          "type" : "mailing-list",
          "url" : "https://www.postgresql.org/list/pgsql-jdbc/"
        },
        {
          "type" : "vcs",
          "url" : "https://github.com/pgjdbc/pgjdbc"
        }
      ]
    },
    {
      "type" : "library",
      "bom-ref" : "pkg:maven/org.checkerframework/checker-qual@3.49.5?type=jar",
      "group" : "org.checkerframework",
      "name" : "checker-qual",
      "version" : "3.49.5",
      "description" : "checker-qual contains annotations (type qualifiers) that a programmerwrites to specify Java code for type-checking by the Checker Framework.",
      "scope" : "required",
      "hashes" : [
        {
          "alg" : "MD5",
          "content" : "a6525c2747603fb3ec22d18c4adc7419"
        },
        {
          "alg" : "SHA-1",
          "content" : "f0d119b5a4adb4164e9d6fa9fd3ffa5d0e458963"
        },
        {
          "alg" : "SHA-256",
          "content" : "508c83c62c344f6f7ee28f47b88a8797d6116d043bfd1ca0576c828dd1df2880"
        },
        {
          "alg" : "SHA-512",
          "content" : "7e1cd29c38a47c789f63abc230e590b8b539bc205ddfa21669534ae2b8a140a9dec58b3bf3cc39e6b7b2021e6c97521a3820d60c9eb829491bbf39e065859f44"
        },
        {
          "alg" : "SHA-384",
          "content" : "68d62d36f0288fb547a990a990d991da2e9c5571200e4eb232e76fb0bd3319ff8a086c9a029ce425921b42ef0b25a77f"
        },
        {
          "alg" : "SHA3-384",
          "content" : "972c8f849036401802bcf6d8b3aedac80e8431e848697832a5011f2c3d306d39f26077bcdba752d407d1c69f9c2e5cdd"
        },
        {
          "alg" : "SHA3-256",
          "content" : "8b0540e7cf8bdb23cfc29f684b5ae460c58f5d851103bbe836ba30af4a925d85"
        },
        {
          "alg" : "SHA3-512",
          "content" : "5145b1a0a280ddb9021665e38188135c6bce4f81b1e0b2f597221ae17fc36903c4f9538cff4a90a18c41d990d09699c821cc7caecc4a9804075757b45d31d12b"
        }
      ],
      "licenses" : [
        {
          "license" : {
            "id" : "MIT"
          }
        }
      ],
      "purl" : "pkg:maven/org.checkerframework/checker-qual@3.49.5?type=jar",
      "externalReferences" : [
        {
          "type" : "website",
          "url" : "https://checkerframework.org/"
        },
        {
          "type" : "vcs",
          "url" : "https://github.com/typetools/checker-framework.git"
        }
      ]
    },
    {
      "type" : "library",
      "bom-ref" : "pkg:maven/javax.cache/cache-api@1.1.1?type=jar",
      "group" : "javax.cache",
      "name" : "cache-api",
      "version" : "1.1.1",
      "description" : "Sonatype helps open source projects to set up Maven repositories on https://oss.sonatype.org/",
      "scope" : "required",
      "hashes" : [
        {
          "alg" : "MD5",
          "content" : "dfdac9358e140e61c574abb1ada84dc9"
        },
        {
          "alg" : "SHA-1",
          "content" : "c56fb980eb5208bfee29a9a5b9d951aba076bd91"
        },
        {
          "alg" : "SHA-256",
          "content" : "9f34e007edfa82a7b2a2e1b969477dcf5099ce7f4f926fb54ce7e27c4a0cd54b"
        },
        {
          "alg" : "SHA-512",
          "content" : "7e2c2e421c46d66f35ae0c107c31ae28606562190871655efd38c60b335a10b1770134f88c8aada5a389e9e364be885713fe7d0464c2a9fbea06ec1102b2c3e5"
        },
        {
          "alg" : "SHA-384",
          "content" : "3740a5ddb6bf6d1627190fbabf06ffc19fb84a488c120ebf1bbc6407971905c7f415310a17c8db77ee90d09cb2301d3d"
        },
        {
          "alg" : "SHA3-384",
          "content" : "49c3aca710ab2ad62e4610ad0f3b76338079aa49e90e84cb18b59ced56caf9f6e2bc855e9900cb1b7748a1f3e0d160e2"
        },
        {
          "alg" : "SHA3-256",
          "content" : "ed71d13b59b8ebba5fb3f2f42da03e29d1fdaefef8fde375794a6598fdb702be"
        },
        {
          "alg" : "SHA3-512",
          "content" : "8b93ce37a0ea13bcb8f35a0237307f7b232c178d11e452d02c4383dbd51531eeb4a3c722778dfb95637412e6451a132f6031f0f4e3d51928a6b857160269dec0"
        }
      ],
      "licenses" : [
        {
          "license" : {
            "id" : "Apache-2.0"
          }
        }
      ],
      "purl" : "pkg:maven/javax.cache/cache-api@1.1.1?type=jar",
      "externalReferences" : [
        {
          "type" : "website",
          "url" : "https://github.com/jsr107/jsr107spec"
        },
        {
          "type" : "distribution-intake",
          "url" : "http://oss.sonatype.org/service/local/staging/deploy/maven2"
        }
      ]
    },
    {
      "type" : "library",
      "bom-ref" : "pkg:maven/org.ehcache/ehcache@3.10.9?classifier=jakarta&type=jar",
      "publisher" : "Terracotta Inc., a wholly-owned subsidiary of Software AG USA, Inc.",
      "group" : "org.ehcache",
      "name" : "ehcache",
      "version" : "3.10.9",
      "description" : "End-user ehcache3 jar artifact",
      "scope" : "required",
      "hashes" : [
        {
          "alg" : "MD5",
          "content" : "db661c2764e226d7793c9b66dc752f16"
        },
        {
          "alg" : "SHA-1",
          "content" : "a73ead0e74c373690d8fad67d8837b734d7eb05c"
        },
        {
          "alg" : "SHA-256",
          "content" : "ea82ef7fbbb743e71365c6786b3c3b485f1722527e2d6a92921642dc6b71c6c4"
        },
        {
          "alg" : "SHA-512",
          "content" : "58df01ea73d6d47aecf27a34e47c887446accb3b27a84105828e7432710ae7545621bb22d41c2bc000d6211a63dbe231f6c947d1a197b6e712f9908ffce93107"
        },
        {
          "alg" : "SHA-384",
          "content" : "e1952b74e32114e9ffd4f840720088a5fb8387a4aa8f83734bc8e5803fc87e606ad7d8768e933c6e954e1df3d0670e6f"
        },
        {
          "alg" : "SHA3-384",
          "content" : "0865abd357bbbbf163d80585b6a3a8d8f0b3a960b84e0a928a0c5003a7761cd3c391dd6dd83663d47968bfddbc18314e"
        },
        {
          "alg" : "SHA3-256",
          "content" : "707c9b675e59836cc7e7d444fd896d204e4ea6748a933329ac13fc06c135fabe"
        },
        {
          "alg" : "SHA3-512",
          "content" : "5231cbb4a6705788ec43daa0b6baac64953ada2a6b8237d400d39daa37244aae5fa07836236df6c337327927915c9b978ba37bfa5ef2de8b9bece3169639e637"
        }
      ],
      "licenses" : [
        {
          "license" : {
            "id" : "Apache-2.0"
          }
        }
      ],
      "purl" : "pkg:maven/org.ehcache/ehcache@3.10.9?classifier=jakarta&type=jar",
      "externalReferences" : [
        {
          "type" : "website",
          "url" : "http://ehcache.org"
        },
        {
          "type" : "issue-tracker",
          "url" : "https://github.com/ehcache/ehcache3/issues"
        },
        {
          "type" : "vcs",
          "url" : "https://github.com/ehcache/ehcache3"
        }
      ]
    },
    {
      "type" : "library",
      "bom-ref" : "pkg:maven/org.slf4j/slf4j-api@2.0.17?type=jar",
      "publisher" : "QOS.ch",
      "group" : "org.slf4j",
      "name" : "slf4j-api",
      "version" : "2.0.17",
      "description" : "The slf4j API",
      "scope" : "required",
      "hashes" : [
        {
          "alg" : "MD5",
          "content" : "b6480d114a23683498ac3f746f959d2f"
        },
        {
          "alg" : "SHA-1",
          "content" : "d9e58ac9c7779ba3bf8142aff6c830617a7fe60f"
        },
        {
          "alg" : "SHA-256",
          "content" : "7b751d952061954d5abfed7181c1f645d336091b679891591d63329c622eb832"
        },
        {
          "alg" : "SHA-512",
          "content" : "9a3e79db6666a6096a3021bb2e1d918f30f589d8de51d6b600f8ebd92515a510ae2d8f87919cc2dfa8365d64f10194cac8dfa0fb950160eef0e9da06f6caaeb9"
        },
        {
          "alg" : "SHA-384",
          "content" : "6ea24f814a9b6ece428cfd0535e2f3b8927005745ef61006b50fdb5a90126ee5ea05650155382b3b755c5bce38ef3944"
        },
        {
          "alg" : "SHA3-384",
          "content" : "9b1015052f0ec43f9be09764e131834157599611cb52f6fe591c4ac6a8ab4817518f2a4b8871e5e738c8678e93af5557"
        },
        {
          "alg" : "SHA3-256",
          "content" : "00559b4f4066b4917ba4fe2a6f23111eaeada321112d030910d218ced9084b5e"
        },
        {
          "alg" : "SHA3-512",
          "content" : "9579c2f7e7516e177c2d493ccc9eb8150978cf19f6f09b28d116f6935239fd56dc6af2b62b3336f79b0b462445550cd1fb5377a07001a6f44aaab6a32fa2fa47"
        }
      ],
      "licenses" : [
        {
          "license" : {
            "id" : "MIT",
            "url" : "https://opensource.org/license/mit/"
          }
        }
      ],
      "purl" : "pkg:maven/org.slf4j/slf4j-api@2.0.17?type=jar",
      "externalReferences" : [
        {
          "type" : "website",
          "url" : "http://www.slf4j.org"
        },
        {
          "type" : "distribution-intake",
          "url" : "https://oss.sonatype.org/service/local/staging/deploy/maven2/"
        },
        {
          "type" : "vcs",
          "url" : "https://github.com/qos-ch/slf4j/slf4j-parent/slf4j-api"
        }
      ]
    },
    {
      "type" : "library",
      "bom-ref" : "pkg:maven/org.glassfish.jaxb/jaxb-runtime@4.0.6?type=jar",
      "publisher" : "Eclipse Foundation",
      "group" : "org.glassfish.jaxb",
      "name" : "jaxb-runtime",
      "version" : "4.0.6",
      "description" : "JAXB (JSR 222) Reference Implementation",
      "scope" : "required",
      "hashes" : [
        {
          "alg" : "MD5",
          "content" : "0e600d639f3a09ddd6fa91623a12b634"
        },
        {
          "alg" : "SHA-1",
          "content" : "fb95ebb62564657b2fedfe165b859789ef3a8711"
        },
        {
          "alg" : "SHA-256",
          "content" : "1c0d57f8c25f9605d5a2f7ad0a87581893776ac85b00b101b2651258edaa9118"
        },
        {
          "alg" : "SHA-512",
          "content" : "e19db2669e916992ea6acc75174070a4b5f04bb7788df03b1ede3340f5d63cf1c5055568ba1d7738e9e018716d10c3f6b26d1951faf8bba75f6ebb6ac6b16314"
        },
        {
          "alg" : "SHA-384",
          "content" : "a3f7264bbb6ea1722d21d12efc651c183b30498542258cf0ea096ce5c7eb17440fe5d3650afc8e976b55c3a3d0952d24"
        },
        {
          "alg" : "SHA3-384",
          "content" : "b6686499e954ca7caca8c1dabdffc33c3741b012f4a73b729899ffff67f4cddd5c22e7bcce87bf5337933626a4bda798"
        },
        {
          "alg" : "SHA3-256",
          "content" : "068377faca7e7c02a5687b7920f0661026dcd51c8b58faaf4de13db1673978be"
        },
        {
          "alg" : "SHA3-512",
          "content" : "f3f9a6944a1b547adbcd621fce28aa9ca07d9992e2ce224e4b4b06195205566737676981d9066ad205f8c008a5e8696d4f4895e9725a94c11bc022c525818d8b"
        }
      ],
      "licenses" : [
        {
          "license" : {
            "id" : "BSD-3-Clause"
          }
        }
      ],
      "purl" : "pkg:maven/org.glassfish.jaxb/jaxb-runtime@4.0.6?type=jar",
      "externalReferences" : [
        {
          "type" : "website",
          "url" : "https://eclipse-ee4j.github.io/jaxb-ri/"
        },
        {
          "type" : "distribution-intake",
          "url" : "https://jakarta.oss.sonatype.org/service/local/staging/deploy/maven2/"
        },
        {
          "type" : "issue-tracker",
          "url" : "https://github.com/eclipse-ee4j/jaxb-ri/issues"
        },
        {
          "type" : "mailing-list",
          "url" : "https://accounts.eclipse.org/mailing-list/jaxb-impl-dev"
        },
        {
          "type" : "vcs",
          "url" : "https://github.com/eclipse-ee4j/jaxb-ri.git/jaxb-runtime-parent/jaxb-runtime"
        }
      ]
    },
    {
      "type" : "library",
      "bom-ref" : "pkg:maven/org.glassfish.jaxb/jaxb-core@4.0.6?type=jar",
      "publisher" : "Eclipse Foundation",
      "group" : "org.glassfish.jaxb",
      "name" : "jaxb-core",
      "version" : "4.0.6",
      "description" : "JAXB Core module. Contains sources required by XJC, JXC and Runtime modules.",
      "scope" : "required",
      "hashes" : [
        {
          "alg" : "MD5",
          "content" : "e36c915cf47342b4fe31ffba3407b928"
        },
        {
          "alg" : "SHA-1",
          "content" : "8e61282303777fc98a00cc3affd0560d68748a75"
        },
        {
          "alg" : "SHA-256",
          "content" : "ebbd274207b4860d0dc6e2d44d6dbdb5945cede01222d2e50661d45f5d46c0f7"
        },
        {
          "alg" : "SHA-512",
          "content" : "f6ed3cc73361794a8e35fc04f09212aa21af9575f36f6440bf33a6d43708ded6142a9be51d9d08d6e5debc262d87c158f0e199ed041a78fb1e0086fd02868a28"
        },
        {
          "alg" : "SHA-384",
          "content" : "767a28dc25cc9a728576a9a3e6081e24c9018ee664c04782592e14546087e8cadacbc13cdf0b2eff88840b8be10958ca"
        },
        {
          "alg" : "SHA3-384",
          "content" : "2033beeccf8d5ae1775ffffe41e09a662e03a67d70fdded7fdabaf5f7b14d51de1f17a9a9b65ea96d3178c9a4b0c574d"
        },
        {
          "alg" : "SHA3-256",
          "content" : "5e456fe8925894b58ef10e9936ddd41cde7bd3476bfb5b0d76aba046ca1c9e5f"
        },
        {
          "alg" : "SHA3-512",
          "content" : "51d4c57f3e1cd5440d3714cb8fe147c74aa40773c5b2a8a804496d361037e6d8dfa86f02f19f4dbbbc327b2fdac30ec83fe82bf720a9db0f8516cb800a7ec62b"
        }
      ],
      "licenses" : [
        {
          "license" : {
            "id" : "BSD-3-Clause"
          }
        }
      ],
      "purl" : "pkg:maven/org.glassfish.jaxb/jaxb-core@4.0.6?type=jar",
      "externalReferences" : [
        {
          "type" : "website",
          "url" : "https://eclipse-ee4j.github.io/jaxb-ri/"
        },
        {
          "type" : "distribution-intake",
          "url" : "https://jakarta.oss.sonatype.org/service/local/staging/deploy/maven2/"
        },
        {
          "type" : "issue-tracker",
          "url" : "https://github.com/eclipse-ee4j/jaxb-ri/issues"
        },
        {
          "type" : "mailing-list",
          "url" : "https://accounts.eclipse.org/mailing-list/jaxb-impl-dev"
        },
        {
          "type" : "vcs",
          "url" : "https://github.com/eclipse-ee4j/jaxb-ri.git/jaxb-core"
        }
      ]
    },
    {
      "type" : "library",
      "bom-ref" : "pkg:maven/org.eclipse.angus/angus-activation@2.0.3?type=jar",
      "publisher" : "Eclipse Foundation",
      "group" : "org.eclipse.angus",
      "name" : "angus-activation",
      "version" : "2.0.3",
      "description" : "Angus Activation Registries Implementation",
      "scope" : "required",
      "hashes" : [
        {
          "alg" : "MD5",
          "content" : "ad20392145690b36b4f950fe31a31a2a"
        },
        {
          "alg" : "SHA-1",
          "content" : "7f80607ea5014fef0b1779e6c33d63a88a45a563"
        },
        {
          "alg" : "SHA-256",
          "content" : "a6bd35c538cf90fff941ad6258c40c08fca0b5c9c3f536c657114f27ce0527a7"
        },
        {
          "alg" : "SHA-512",
          "content" : "efb987b781f665589b2a524d86826ffcf37eaf105b2f823be124fded85bd118098c0749b5d268373d00b1d3b8bf0f89f86670444f9990b91948704a7052376e1"
        },
        {
          "alg" : "SHA-384",
          "content" : "4086b356cdf168e28a09dfa2ee9cd54926491438d556e4608508ae6a895929adf63f3a259779c83624a9bb1f886efb6d"
        },
        {
          "alg" : "SHA3-384",
          "content" : "7b79721ec0b28964fad4bf56ffc3be67d81b62e45a4ac703917094e281c125834b9bebcc0623176d4904c5b50c94450e"
        },
        {
          "alg" : "SHA3-256",
          "content" : "aecadbd33e92abf894ae28c8cc609f5f85e8af736621c44fb71b84ca34e91247"
        },
        {
          "alg" : "SHA3-512",
          "content" : "ebdc07c3b3cf0817f6d9ee54bb23461657f213648b70f6c7f634a1028cdf1522d5b5a7e2168130f72afa112f36cb08858d1c94bb67b40a0f051f567b4d696d1e"
        }
      ],
      "licenses" : [
        {
          "license" : {
            "id" : "BSD-3-Clause"
          }
        }
      ],
      "purl" : "pkg:maven/org.eclipse.angus/angus-activation@2.0.3?type=jar",
      "externalReferences" : [
        {
          "type" : "website",
          "url" : "https://github.com/eclipse-ee4j/angus-activation/angus-activation"
        },
        {
          "type" : "distribution-intake",
          "url" : "https://jakarta.oss.sonatype.org/service/local/staging/deploy/maven2/"
        },
        {
          "type" : "issue-tracker",
          "url" : "https://github.com/eclipse-ee4j/angus-activation/issues/"
        },
        {
          "type" : "mailing-list",
          "url" : "https://dev.eclipse.org/mhonarc/lists/jakarta.ee-community/"
        },
        {
          "type" : "vcs",
          "url" : "https://github.com/eclipse-ee4j/angus-activation/angus-activation"
        }
      ]
    },
    {
      "type" : "library",
      "bom-ref" : "pkg:maven/org.glassfish.jaxb/txw2@4.0.6?type=jar",
      "publisher" : "Eclipse Foundation",
      "group" : "org.glassfish.jaxb",
      "name" : "txw2",
      "version" : "4.0.6",
      "description" : "TXW is a library that allows you to write XML documents.",
      "scope" : "required",
      "hashes" : [
        {
          "alg" : "MD5",
          "content" : "0bf7070aee3bb53640d2ea6441e059fb"
        },
        {
          "alg" : "SHA-1",
          "content" : "4f4cd53b5ff9a2c5aa1211f15ed2569c57dfb044"
        },
        {
          "alg" : "SHA-256",
          "content" : "fcc749785412ef3806fde1ce70f93ef5a0065dcc47fe449bc871db0795cb11af"
        },
        {
          "alg" : "SHA-512",
          "content" : "47eb0e4b199bb12804da94cf8a81a1e652e8ca31af68b65d52f1a0cda6e1c9b41276e4bc1e4ea510f83ecccff9978ff8bd05a56c5b16a4181d8e0673d608b2c4"
        },
        {
          "alg" : "SHA-384",
          "content" : "a28256c538462ea28a37dc01b60cf6d4dcba6d54146bdc762fbf4a0426bbbd3555c20d3164508dc8860ad7e652f80cc1"
        },
        {
          "alg" : "SHA3-384",
          "content" : "d220fc81c28a004c31e4469e27cb0d5d9b0e358bcbd3c0989e4b0065e7c081464c7091b8553c98cc060934305d468aa5"
        },
        {
          "alg" : "SHA3-256",
          "content" : "de4b8f8a5fe13b14d7ac56a8e1ae705f2160a6e873a997b72827ba5f124f7907"
        },
        {
          "alg" : "SHA3-512",
          "content" : "ea807533e719e593d7c3e12bc5eba7c84cebf01c398c1ff92122578a04849cc64b7ce300142261475e8d8a35cfaeb53faddd68b905c0309a21d5f27479b98ed3"
        }
      ],
      "licenses" : [
        {
          "license" : {
            "id" : "BSD-3-Clause"
          }
        }
      ],
      "purl" : "pkg:maven/org.glassfish.jaxb/txw2@4.0.6?type=jar",
      "externalReferences" : [
        {
          "type" : "website",
          "url" : "https://eclipse-ee4j.github.io/jaxb-ri/"
        },
        {
          "type" : "distribution-intake",
          "url" : "https://jakarta.oss.sonatype.org/service/local/staging/deploy/maven2/"
        },
        {
          "type" : "issue-tracker",
          "url" : "https://github.com/eclipse-ee4j/jaxb-ri/issues"
        },
        {
          "type" : "mailing-list",
          "url" : "https://accounts.eclipse.org/mailing-list/jaxb-impl-dev"
        },
        {
          "type" : "vcs",
          "url" : "https://github.com/eclipse-ee4j/jaxb-ri.git/jaxb-txw-parent/txw2"
        }
      ]
    },
    {
      "type" : "library",
      "bom-ref" : "pkg:maven/com.sun.istack/istack-commons-runtime@4.1.2?type=jar",
      "publisher" : "Eclipse Foundation",
      "group" : "com.sun.istack",
      "name" : "istack-commons-runtime",
      "version" : "4.1.2",
      "description" : "istack common utility code",
      "scope" : "required",
      "hashes" : [
        {
          "alg" : "MD5",
          "content" : "535154ef647af2a52478c4debec93659"
        },
        {
          "alg" : "SHA-1",
          "content" : "18ec117c85f3ba0ac65409136afa8e42bc74e739"
        },
        {
          "alg" : "SHA-256",
          "content" : "7fd6792361f4dd00f8c56af4a20cecc0066deea4a8f3dec38348af23fc2296ee"
        },
        {
          "alg" : "SHA-512",
          "content" : "c3b191409b9ace8cccca6be103b684a25f10675977d38f608036ffb687651a74fd4581a66e1c38e588e77165d32614e4b547bff412379f7a84b926ccb93515bb"
        },
        {
          "alg" : "SHA-384",
          "content" : "9b8e20b08b109c485c654359ede00fcef74d85ac18f9c7978acd47bf630838d21ea193f79d144e66cf0f6992efd82ff8"
        },
        {
          "alg" : "SHA3-384",
          "content" : "81c4cf19a5d0f078263cc8f9320d4208da28e25b93c1f45885e237148a3a7c7266ba7586a1eb5cd3efc86be6f90082bc"
        },
        {
          "alg" : "SHA3-256",
          "content" : "218aa7dd7bca7cfdbee752bb1c2737a7066b47058a42b4ee466a14350bcd2741"
        },
        {
          "alg" : "SHA3-512",
          "content" : "74770476681a130a3057fdfa2df3977b8aa9bbf1a520d9481694d0e9e0635c2e88d74ff73bbb870de34d93d0a4b6eae7f030e4ba12fbcc51debde58897fdcb6c"
        }
      ],
      "licenses" : [
        {
          "license" : {
            "id" : "BSD-3-Clause"
          }
        }
      ],
      "purl" : "pkg:maven/com.sun.istack/istack-commons-runtime@4.1.2?type=jar",
      "externalReferences" : [
        {
          "type" : "website",
          "url" : "https://projects.eclipse.org/projects/ee4j/istack-commons/istack-commons-runtime"
        },
        {
          "type" : "distribution-intake",
          "url" : "https://jakarta.oss.sonatype.org/service/local/staging/deploy/maven2/"
        },
        {
          "type" : "issue-tracker",
          "url" : "https://github.com/eclipse-ee4j/jaxb-istack-commons/issues"
        },
        {
          "type" : "mailing-list",
          "url" : "https://dev.eclipse.org/mhonarc/lists/jaxb-impl-dev"
        },
        {
          "type" : "vcs",
          "url" : "https://github.com/eclipse-ee4j/jaxb-istack-commons/istack-commons-runtime"
        }
      ]
    },
    {
      "type" : "library",
      "bom-ref" : "pkg:maven/org.webjars.npm/bootstrap@5.1.3?type=jar",
      "group" : "org.webjars.npm",
      "name" : "bootstrap",
      "version" : "5.1.3",
      "description" : "WebJar for bootstrap",
      "scope" : "required",
      "hashes" : [
        {
          "alg" : "MD5",
          "content" : "3df1c150436df8659cfa05fa231e0910"
        },
        {
          "alg" : "SHA-1",
          "content" : "884629733aed9d55a20b8db921335849abb6732f"
        },
        {
          "alg" : "SHA-256",
          "content" : "fec359661b76788128e2ce0b509272eb1151126824b6d95f665e53a58a5fc501"
        },
        {
          "alg" : "SHA-512",
          "content" : "bff68d5433af6973b50d6399ae67b0bfaeee22dade7a667e3bf92b52aaf6dc20c7c3b6fdcc1c25f40a2c181d6267ab29ca8590c05e31a307e36c4d3fa462144b"
        },
        {
          "alg" : "SHA-384",
          "content" : "cf2109654f924573ec4aaf7bb31301254e40b355679f5d3da0a1ed03d164e4459ae8337c00f2368d124e3ef194708781"
        },
        {
          "alg" : "SHA3-384",
          "content" : "ca1c90e380c647598e602ce9be5cd31a88b42b59033494122a4d5d89ae73b447aa2702ad0cb3bd69af019fc0dec344bc"
        },
        {
          "alg" : "SHA3-256",
          "content" : "9850f135d21dfdf98a3cc46397f66a6da4f8f973983d2377f07d74c2392effbe"
        },
        {
          "alg" : "SHA3-512",
          "content" : "57fe1058d4ea9d2159a69c205444af5bde2e540077983a4af9ff7c795c2e67576a1f077b69d5d4f31db20c23c606e9b2f0a09333b44a34d9f16c17373a3f4ae6"
        }
      ],
      "licenses" : [
        {
          "license" : {
            "id" : "MIT",
            "url" : "https://opensource.org/license/mit/"
          }
        }
      ],
      "purl" : "pkg:maven/org.webjars.npm/bootstrap@5.1.3?type=jar",
      "externalReferences" : [
        {
          "type" : "website",
          "url" : "https://www.webjars.org"
        },
        {
          "type" : "issue-tracker",
          "url" : "https://github.com/twbs/bootstrap/issues"
        },
        {
          "type" : "vcs",
          "url" : "https://github.com/twbs/bootstrap"
        }
      ]
    },
    {
      "type" : "library",
      "bom-ref" : "pkg:maven/org.webjars.npm/font-awesome@4.7.0?type=jar",
      "group" : "org.webjars.npm",
      "name" : "font-awesome",
      "version" : "4.7.0",
      "description" : "WebJar for font-awesome",
      "scope" : "required",
      "hashes" : [
        {
          "alg" : "MD5",
          "content" : "d01d4fbc4870714c76341ca06ea80525"
        },
        {
          "alg" : "SHA-1",
          "content" : "309276dbcb8afe0482a1698a78b081b918e0e445"
        },
        {
          "alg" : "SHA-256",
          "content" : "d786751120afe993113902d3eaccb4f596cfd5c98583a2abd76f6a57a8af865a"
        },
        {
          "alg" : "SHA-512",
          "content" : "d70796ec3ce97c137606c2b5b9f674336ab6a7e9908b0089b838f4ef9b42b3fa5800aef11a495ec44c82d5a15b6c7597bd75b78824dcc7ed181ca6412e4d9be9"
        },
        {
          "alg" : "SHA-384",
          "content" : "cfa0790f78e863140a454385cd2d619de59e4a01fc2a1df9d2a59aa1e3829e3882b3590729d664e42478e6f8628ac958"
        },
        {
          "alg" : "SHA3-384",
          "content" : "f6789e70bcde46eec4db08b18203e84183ccbe952ceecb0f36974c647af0aeb03a1dac1a4f731b4fc4b8fd1eaedb5c7c"
        },
        {
          "alg" : "SHA3-256",
          "content" : "8026292f96b797582e60b953d1fc8a7326db0ee3ee136922f15cfdba373db347"
        },
        {
          "alg" : "SHA3-512",
          "content" : "b4edd32c8a74d4fafa970a01fc3256cbeea90f9c89ce94aa0206789cf08ea9c1f897f6c2b7615affd6202d03e9fdb835b07a50716503dd457a274c70e37f38a7"
        }
      ],
      "licenses" : [
        {
          "license" : {
            "name" : "Openfont-1.1",
            "url" : "https://spdx.org/licenses/Openfont-1.1#licenseText"
          }
        }
      ],
      "purl" : "pkg:maven/org.webjars.npm/font-awesome@4.7.0?type=jar",
      "externalReferences" : [
        {
          "type" : "website",
          "url" : "http://webjars.org"
        },
        {
          "type" : "vcs",
          "url" : "git+https://github.com/FortAwesome/Font-Awesome"
        }
      ]
    },
    {
      "type" : "library",
      "bom-ref" : "pkg:maven/org.springframework.boot/spring-boot-devtools@3.3.16?type=jar",
      "publisher" : "VMware, Inc.",
      "group" : "org.springframework.boot",
      "name" : "spring-boot-devtools",
      "version" : "3.3.16",
      "description" : "Spring Boot Developer Tools",
      "scope" : "optional",
      "hashes" : [
        {
          "alg" : "MD5",
          "content" : "8180fb7cc3b6b6e181fbc2652b6d1f63"
        },
        {
          "alg" : "SHA-1",
          "content" : "d8a5aa2afcc10afc82ee1d6428be4e2067122648"
        },
        {
          "alg" : "SHA-256",
          "content" : "13f007c23ecebb4025eb12ece76c71e811d85e76bfd25ca90ca305688cbb9a81"
        },
        {
          "alg" : "SHA-512",
          "content" : "b3d3140c7d6c040af8c34a6f8d1757ee489f6b8d059ca90f078b33e65a83eaab4fac3218b83175b3d6d0c35811f95f00136a58d2f8d6155ff629a1c8ad649868"
        },
        {
          "alg" : "SHA-384",
          "content" : "3c3e88a5cd30086c5d3256b612ccbadeabd62bc421b26c3746d3f79f6b5d3a3d72c2de970ea91ebf358f97f6d9b00071"
        },
        {
          "alg" : "SHA3-384",
          "content" : "a20f70d2a96d2730d8cbe367746ea609d8d1e07e4c3441afe0b67bcbf20d56b07bf1572e9cfc879e6c4ad5505ad50a88"
        },
        {
          "alg" : "SHA3-256",
          "content" : "7496440cff53246313c3ae3c0c7e3c819fa6d0beee426269048784a01e86507b"
        },
        {
          "alg" : "SHA3-512",
          "content" : "5ac938536a3c20c3ffbb8a1ccb8f76d682a7d53149025d536e25b558550c4b225d4ad4e972048f2a439938b31dd4d8dbf60bd8a2a3c96e45149de9525d732109"
        }
      ],
      "licenses" : [
        {
          "license" : {
            "name" : "Broadcom Foundation License"
          }
        }
      ],
      "purl" : "pkg:maven/org.springframework.boot/spring-boot-devtools@3.3.16?type=jar",
      "externalReferences" : [
        {
          "type" : "website",
          "url" : "https://spring.io/projects/spring-boot"
        }
      ]
    },
    {
      "type" : "library",
      "bom-ref" : "pkg:maven/org.springframework.boot/spring-boot@3.3.16?type=jar",
      "publisher" : "VMware, Inc.",
      "group" : "org.springframework.boot",
      "name" : "spring-boot",
      "version" : "3.3.16",
      "description" : "Spring Boot",
      "scope" : "required",
      "hashes" : [
        {
          "alg" : "MD5",
          "content" : "c357206d85ae8df8957f96b7af685b58"
        },
        {
          "alg" : "SHA-1",
          "content" : "7a648a435426b73f6cd05a8a3d3fcd149e2158c4"
        },
        {
          "alg" : "SHA-256",
          "content" : "66fa970c52d7238da8a3192013cbf5007db24bd285970a04eec64436ed917a3b"
        },
        {
          "alg" : "SHA-512",
          "content" : "18079a1d25069dc6083e0b3c8cc6b549f58b2907ee87ad5833c1919279e2eb38341e8122b652d24bf3907c1bb726e31ddace9a5ff9d0f1ac50175d82f5fc6584"
        },
        {
          "alg" : "SHA-384",
          "content" : "523a5e93dc7a92aa97244b0f0a36bbf39e836cfbc72ccf8dd2db494841ea3793677585da7363a40c1aabea310b205b4c"
        },
        {
          "alg" : "SHA3-384",
          "content" : "d56f12edc41c15d8f59d0675feea1c3580b767e761a96dd0f854a64a6e27fe799f6364f0dddc1468fa21365d2f51133a"
        },
        {
          "alg" : "SHA3-256",
          "content" : "6e22c8ee1d9a8ab79cf1382d602845de6a23aad292a77299edb3f82abd1b8a4c"
        },
        {
          "alg" : "SHA3-512",
          "content" : "c76ca7fbed27f58eaa20669910c9fbcf54e459d547f03fb384ff757b738f778df77fdc09e4e84e9389d7abd2abd7d36da91f6e31884a4e70040afa793a93f7b6"
        }
      ],
      "licenses" : [
        {
          "license" : {
            "name" : "Broadcom Foundation License"
          }
        }
      ],
      "purl" : "pkg:maven/org.springframework.boot/spring-boot@3.3.16?type=jar",
      "externalReferences" : [
        {
          "type" : "website",
          "url" : "https://spring.io/projects/spring-boot"
        }
      ]
    },
    {
      "type" : "library",
      "bom-ref" : "pkg:maven/org.springframework.boot/spring-boot-autoconfigure@3.3.16?type=jar",
      "publisher" : "VMware, Inc.",
      "group" : "org.springframework.boot",
      "name" : "spring-boot-autoconfigure",
      "version" : "3.3.16",
      "description" : "Spring Boot AutoConfigure",
      "scope" : "required",
      "hashes" : [
        {
          "alg" : "MD5",
          "content" : "fef82e7df1c0944ea68502ca4ba446d0"
        },
        {
          "alg" : "SHA-1",
          "content" : "ff23a7246fa7bf267c865f785d8701da2929b14f"
        },
        {
          "alg" : "SHA-256",
          "content" : "c5dd008055e59a44ee6d0d1926da2557dc9166ff8a17ba5980ac03e335c5eea5"
        },
        {
          "alg" : "SHA-512",
          "content" : "ca98e3e7541d24cad89c7feeed962412bc77a3f76f8d46e16aa3cf278c298ec213b085d5c05df6a9ae104df3a89bba485320942bc7bda8a863672c75a7849d55"
        },
        {
          "alg" : "SHA-384",
          "content" : "e68f33516cf12a157562089253ef67916d5affd9a6208bda4507a6bb28fa160035e9f18c69e1ffdd2ff7934ad4021206"
        },
        {
          "alg" : "SHA3-384",
          "content" : "658446d69793af8168f3ddff61954572409a1ce92b31be6db449a2bf849867f47e15aa238111d2dd80790cc888cb54d1"
        },
        {
          "alg" : "SHA3-256",
          "content" : "573748dab5a3451e265abea347e9734493199f1f8216862c677c7a0e2e3c670b"
        },
        {
          "alg" : "SHA3-512",
          "content" : "66615f75e8ce38ccb7bda2b67b5c0401ed068eb5d85f2eeae00222977a82f39a590a58cc2ece0cdc73aff02c2a46c37a4920d422d68f010b8d8ef6b43e004302"
        }
      ],
      "licenses" : [
        {
          "license" : {
            "name" : "Broadcom Foundation License"
          }
        }
      ],
      "purl" : "pkg:maven/org.springframework.boot/spring-boot-autoconfigure@3.3.16?type=jar",
      "externalReferences" : [
        {
          "type" : "website",
          "url" : "https://spring.io/projects/spring-boot"
        }
      ]
    }
  ],
  "dependencies" : [
    {
      "ref" : "pkg:maven/org.springframework.samples/spring-petclinic@2.7.3?type=jar",
      "dependsOn" : [
        "pkg:maven/jakarta.xml.bind/jakarta.xml.bind-api@4.0.4?type=jar",
        "pkg:maven/org.springframework.boot/spring-boot-starter-actuator@3.3.16?type=jar",
        "pkg:maven/org.springframework.boot/spring-boot-starter-cache@3.3.16?type=jar",
        "pkg:maven/org.springframework.boot/spring-boot-starter-data-jpa@3.3.16?type=jar",
        "pkg:maven/org.springframework.boot/spring-boot-starter-web@3.3.16?type=jar",
        "pkg:maven/org.springframework.boot/spring-boot-starter-validation@3.3.16?type=jar",
        "pkg:maven/org.springframework.boot/spring-boot-starter-thymeleaf@3.3.16?type=jar",
        "pkg:maven/org.springframework.boot/spring-boot-starter-test@3.3.16?type=jar",
        "pkg:maven/com.h2database/h2@2.2.224?type=jar",
        "pkg:maven/com.mysql/mysql-connector-j@8.3.0?type=jar",
        "pkg:maven/org.postgresql/postgresql@42.7.8?type=jar",
        "pkg:maven/javax.cache/cache-api@1.1.1?type=jar",
        "pkg:maven/org.ehcache/ehcache@3.10.9?classifier=jakarta&type=jar",
        "pkg:maven/org.webjars.npm/bootstrap@5.1.3?type=jar",
        "pkg:maven/org.webjars.npm/font-awesome@4.7.0?type=jar",
        "pkg:maven/org.springframework.boot/spring-boot-devtools@3.3.16?type=jar"
      ]
    },
    {
      "ref" : "pkg:maven/jakarta.xml.bind/jakarta.xml.bind-api@4.0.4?type=jar",
      "dependsOn" : [
        "pkg:maven/jakarta.activation/jakarta.activation-api@2.1.4?type=jar"
      ]
    },
    {
      "ref" : "pkg:maven/jakarta.activation/jakarta.activation-api@2.1.4?type=jar",
      "dependsOn" : [ ]
    },
    {
      "ref" : "pkg:maven/org.springframework.boot/spring-boot-starter-actuator@3.3.16?type=jar",
      "dependsOn" : [
        "pkg:maven/org.springframework.boot/spring-boot-starter@3.3.16?type=jar",
        "pkg:maven/org.springframework.boot/spring-boot-actuator-autoconfigure@3.3.16?type=jar",
        "pkg:maven/io.micrometer/micrometer-observation@1.13.17?type=jar",
        "pkg:maven/io.micrometer/micrometer-jakarta9@1.13.17?type=jar"
      ]
    },
    {
      "ref" : "pkg:maven/org.springframework.boot/spring-boot-starter@3.3.16?type=jar",
      "dependsOn" : [
        "pkg:maven/org.springframework.boot/spring-boot@3.3.16?type=jar",
        "pkg:maven/org.springframework.boot/spring-boot-autoconfigure@3.3.16?type=jar",
        "pkg:maven/org.springframework.boot/spring-boot-starter-logging@3.3.16?type=jar",
        "pkg:maven/jakarta.annotation/jakarta.annotation-api@2.1.1?type=jar",
        "pkg:maven/org.springframework/spring-core@6.1.24?type=jar",
        "pkg:maven/org.yaml/snakeyaml@2.2?type=jar"
      ]
    },
    {
      "ref" : "pkg:maven/org.springframework.boot/spring-boot@3.3.16?type=jar",
      "dependsOn" : [
        "pkg:maven/org.springframework/spring-core@6.1.24?type=jar",
        "pkg:maven/org.springframework/spring-context@6.1.24?type=jar"
      ]
    },
    {
      "ref" : "pkg:maven/org.springframework/spring-core@6.1.24?type=jar",
      "dependsOn" : [
        "pkg:maven/org.springframework/spring-jcl@6.1.24?type=jar"
      ]
    },
    {
      "ref" : "pkg:maven/org.springframework/spring-jcl@6.1.24?type=jar",
      "dependsOn" : [ ]
    },
    {
      "ref" : "pkg:maven/org.springframework/spring-context@6.1.24?type=jar",
      "dependsOn" : [
        "pkg:maven/org.springframework/spring-aop@6.1.24?type=jar",
        "pkg:maven/org.springframework/spring-beans@6.1.24?type=jar",
        "pkg:maven/org.springframework/spring-core@6.1.24?type=jar",
        "pkg:maven/org.springframework/spring-expression@6.1.24?type=jar",
        "pkg:maven/io.micrometer/micrometer-observation@1.13.17?type=jar"
      ]
    },
    {
      "ref" : "pkg:maven/org.springframework/spring-aop@6.1.24?type=jar",
      "dependsOn" : [
        "pkg:maven/org.springframework/spring-beans@6.1.24?type=jar",
        "pkg:maven/org.springframework/spring-core@6.1.24?type=jar"
      ]
    },
    {
      "ref" : "pkg:maven/org.springframework/spring-beans@6.1.24?type=jar",
      "dependsOn" : [
        "pkg:maven/org.springframework/spring-core@6.1.24?type=jar"
      ]
    },
    {
      "ref" : "pkg:maven/org.springframework/spring-expression@6.1.24?type=jar",
      "dependsOn" : [
        "pkg:maven/org.springframework/spring-core@6.1.24?type=jar"
      ]
    },
    {
      "ref" : "pkg:maven/io.micrometer/micrometer-observation@1.13.17?type=jar",
      "dependsOn" : [
        "pkg:maven/io.micrometer/micrometer-commons@1.13.17?type=jar"
      ]
    },
    {
      "ref" : "pkg:maven/io.micrometer/micrometer-commons@1.13.17?type=jar",
      "dependsOn" : [ ]
    },
    {
      "ref" : "pkg:maven/org.springframework.boot/spring-boot-autoconfigure@3.3.16?type=jar",
      "dependsOn" : [
        "pkg:maven/org.springframework.boot/spring-boot@3.3.16?type=jar"
      ]
    },
    {
      "ref" : "pkg:maven/org.springframework.boot/spring-boot-starter-logging@3.3.16?type=jar",
      "dependsOn" : [
        "pkg:maven/ch.qos.logback/logback-classic@1.5.21?type=jar",
        "pkg:maven/org.apache.logging.log4j/log4j-to-slf4j@2.23.1?type=jar",
        "pkg:maven/org.slf4j/jul-to-slf4j@2.0.17?type=jar"
      ]
    },
    {
      "ref" : "pkg:maven/ch.qos.logback/logback-classic@1.5.21?type=jar",
      "dependsOn" : [
        "pkg:maven/ch.qos.logback/logback-core@1.5.21?type=jar",
        "pkg:maven/org.slf4j/slf4j-api@2.0.17?type=jar"
      ]
    },
    {
      "ref" : "pkg:maven/ch.qos.logback/logback-core@1.5.21?type=jar",
      "dependsOn" : [ ]
    },
    {
      "ref" : "pkg:maven/org.slf4j/slf4j-api@2.0.17?type=jar",
      "dependsOn" : [ ]
    },
    {
      "ref" : "pkg:maven/org.apache.logging.log4j/log4j-to-slf4j@2.23.1?type=jar",
      "dependsOn" : [
        "pkg:maven/org.apache.logging.log4j/log4j-api@2.23.1?type=jar",
        "pkg:maven/org.slf4j/slf4j-api@2.0.17?type=jar"
      ]
    },
    {
      "ref" : "pkg:maven/org.apache.logging.log4j/log4j-api@2.23.1?type=jar",
      "dependsOn" : [ ]
    },
    {
      "ref" : "pkg:maven/org.slf4j/jul-to-slf4j@2.0.17?type=jar",
      "dependsOn" : [
        "pkg:maven/org.slf4j/slf4j-api@2.0.17?type=jar"
      ]
    },
    {
      "ref" : "pkg:maven/jakarta.annotation/jakarta.annotation-api@2.1.1?type=jar",
      "dependsOn" : [ ]
    },
    {
      "ref" : "pkg:maven/org.yaml/snakeyaml@2.2?type=jar",
      "dependsOn" : [ ]
    },
    {
      "ref" : "pkg:maven/org.springframework.boot/spring-boot-actuator-autoconfigure@3.3.16?type=jar",
      "dependsOn" : [
        "pkg:maven/org.springframework.boot/spring-boot@3.3.16?type=jar",
        "pkg:maven/org.springframework.boot/spring-boot-actuator@3.3.16?type=jar",
        "pkg:maven/org.springframework.boot/spring-boot-autoconfigure@3.3.16?type=jar",
        "pkg:maven/com.fasterxml.jackson.core/jackson-databind@2.17.3?type=jar",
        "pkg:maven/com.fasterxml.jackson.datatype/jackson-datatype-jsr310@2.17.3?type=jar"
      ]
    },
    {
      "ref" : "pkg:maven/org.springframework.boot/spring-boot-actuator@3.3.16?type=jar",
      "dependsOn" : [
        "pkg:maven/org.springframework.boot/spring-boot@3.3.16?type=jar"
      ]
    },
    {
      "ref" : "pkg:maven/com.fasterxml.jackson.core/jackson-databind@2.17.3?type=jar",
      "dependsOn" : [
        "pkg:maven/com.fasterxml.jackson.core/jackson-annotations@2.17.3?type=jar",
        "pkg:maven/com.fasterxml.jackson.core/jackson-core@2.17.3?type=jar"
      ]
    },
    {
      "ref" : "pkg:maven/com.fasterxml.jackson.core/jackson-annotations@2.17.3?type=jar",
      "dependsOn" : [ ]
    },
    {
      "ref" : "pkg:maven/com.fasterxml.jackson.core/jackson-core@2.17.3?type=jar",
      "dependsOn" : [ ]
    },
    {
      "ref" : "pkg:maven/com.fasterxml.jackson.datatype/jackson-datatype-jsr310@2.17.3?type=jar",
      "dependsOn" : [
        "pkg:maven/com.fasterxml.jackson.core/jackson-annotations@2.17.3?type=jar",
        "pkg:maven/com.fasterxml.jackson.core/jackson-core@2.17.3?type=jar",
        "pkg:maven/com.fasterxml.jackson.core/jackson-databind@2.17.3?type=jar"
      ]
    },
    {
      "ref" : "pkg:maven/io.micrometer/micrometer-jakarta9@1.13.17?type=jar",
      "dependsOn" : [
        "pkg:maven/io.micrometer/micrometer-core@1.13.17?type=jar",
        "pkg:maven/io.micrometer/micrometer-commons@1.13.17?type=jar",
        "pkg:maven/io.micrometer/micrometer-observation@1.13.17?type=jar"
      ]
    },
    {
      "ref" : "pkg:maven/io.micrometer/micrometer-core@1.13.17?type=jar",
      "dependsOn" : [
        "pkg:maven/io.micrometer/micrometer-commons@1.13.17?type=jar",
        "pkg:maven/io.micrometer/micrometer-observation@1.13.17?type=jar",
        "pkg:maven/org.hdrhistogram/HdrHistogram@2.2.2?type=jar",
        "pkg:maven/org.latencyutils/LatencyUtils@2.0.3?type=jar"
      ]
    },
    {
      "ref" : "pkg:maven/org.hdrhistogram/HdrHistogram@2.2.2?type=jar",
      "dependsOn" : [ ]
    },
    {
      "ref" : "pkg:maven/org.latencyutils/LatencyUtils@2.0.3?type=jar",
      "dependsOn" : [ ]
    },
    {
      "ref" : "pkg:maven/org.springframework.boot/spring-boot-starter-cache@3.3.16?type=jar",
      "dependsOn" : [
        "pkg:maven/org.springframework.boot/spring-boot-starter@3.3.16?type=jar",
        "pkg:maven/org.springframework/spring-context-support@6.1.24?type=jar"
      ]
    },
    {
      "ref" : "pkg:maven/org.springframework/spring-context-support@6.1.24?type=jar",
      "dependsOn" : [
        "pkg:maven/org.springframework/spring-beans@6.1.24?type=jar",
        "pkg:maven/org.springframework/spring-context@6.1.24?type=jar",
        "pkg:maven/org.springframework/spring-core@6.1.24?type=jar"
      ]
    },
    {
      "ref" : "pkg:maven/org.springframework.boot/spring-boot-starter-data-jpa@3.3.16?type=jar",
      "dependsOn" : [
        "pkg:maven/org.springframework.boot/spring-boot-starter-aop@3.3.16?type=jar",
        "pkg:maven/org.springframework.boot/spring-boot-starter-jdbc@3.3.16?type=jar",
        "pkg:maven/org.hibernate.orm/hibernate-core@6.5.3.Final?type=jar",
        "pkg:maven/org.springframework.data/spring-data-jpa@3.3.15?type=jar",
        "pkg:maven/org.springframework/spring-aspects@6.1.24?type=jar"
      ]
    },
    {
      "ref" : "pkg:maven/org.springframework.boot/spring-boot-starter-aop@3.3.16?type=jar",
      "dependsOn" : [
        "pkg:maven/org.springframework.boot/spring-boot-starter@3.3.16?type=jar",
        "pkg:maven/org.springframework/spring-aop@6.1.24?type=jar",
        "pkg:maven/org.aspectj/aspectjweaver@1.9.25?type=jar"
      ]
    },
    {
      "ref" : "pkg:maven/org.aspectj/aspectjweaver@1.9.25?type=jar",
      "dependsOn" : [ ]
    },
    {
      "ref" : "pkg:maven/org.springframework.boot/spring-boot-starter-jdbc@3.3.16?type=jar",
      "dependsOn" : [
        "pkg:maven/org.springframework.boot/spring-boot-starter@3.3.16?type=jar",
        "pkg:maven/com.zaxxer/HikariCP@5.1.0?type=jar",
        "pkg:maven/org.springframework/spring-jdbc@6.1.24?type=jar"
      ]
    },
    {
      "ref" : "pkg:maven/com.zaxxer/HikariCP@5.1.0?type=jar",
      "dependsOn" : [
        "pkg:maven/org.slf4j/slf4j-api@2.0.17?type=jar"
      ]
    },
    {
      "ref" : "pkg:maven/org.springframework/spring-jdbc@6.1.24?type=jar",
      "dependsOn" : [
        "pkg:maven/org.springframework/spring-beans@6.1.24?type=jar",
        "pkg:maven/org.springframework/spring-core@6.1.24?type=jar",
        "pkg:maven/org.springframework/spring-tx@6.1.24?type=jar"
      ]
    },
    {
      "ref" : "pkg:maven/org.springframework/spring-tx@6.1.24?type=jar",
      "dependsOn" : [
        "pkg:maven/org.springframework/spring-beans@6.1.24?type=jar",
        "pkg:maven/org.springframework/spring-core@6.1.24?type=jar"
      ]
    },
    {
      "ref" : "pkg:maven/org.hibernate.orm/hibernate-core@6.5.3.Final?type=jar",
      "dependsOn" : [
        "pkg:maven/jakarta.persistence/jakarta.persistence-api@3.1.0?type=jar",
        "pkg:maven/jakarta.transaction/jakarta.transaction-api@2.0.1?type=jar",
        "pkg:maven/org.jboss.logging/jboss-logging@3.5.3.Final?type=jar",
        "pkg:maven/org.hibernate.common/hibernate-commons-annotations@6.0.6.Final?type=jar",
        "pkg:maven/io.smallrye/jandex@3.1.2?type=jar",
        "pkg:maven/com.fasterxml/classmate@1.7.1?type=jar",
        "pkg:maven/net.bytebuddy/byte-buddy@1.14.19?type=jar",
        "pkg:maven/jakarta.xml.bind/jakarta.xml.bind-api@4.0.4?type=jar",
        "pkg:maven/org.glassfish.jaxb/jaxb-runtime@4.0.6?type=jar",
        "pkg:maven/jakarta.inject/jakarta.inject-api@2.0.1?type=jar",
        "pkg:maven/org.antlr/antlr4-runtime@4.13.0?type=jar"
      ]
    },
    {
      "ref" : "pkg:maven/jakarta.persistence/jakarta.persistence-api@3.1.0?type=jar",
      "dependsOn" : [ ]
    },
    {
      "ref" : "pkg:maven/jakarta.transaction/jakarta.transaction-api@2.0.1?type=jar",
      "dependsOn" : [ ]
    },
    {
      "ref" : "pkg:maven/org.jboss.logging/jboss-logging@3.5.3.Final?type=jar",
      "dependsOn" : [ ]
    },
    {
      "ref" : "pkg:maven/org.hibernate.common/hibernate-commons-annotations@6.0.6.Final?type=jar",
      "dependsOn" : [ ]
    },
    {
      "ref" : "pkg:maven/io.smallrye/jandex@3.1.2?type=jar",
      "dependsOn" : [ ]
    },
    {
      "ref" : "pkg:maven/com.fasterxml/classmate@1.7.1?type=jar",
      "dependsOn" : [ ]
    },
    {
      "ref" : "pkg:maven/net.bytebuddy/byte-buddy@1.14.19?type=jar",
      "dependsOn" : [ ]
    },
    {
      "ref" : "pkg:maven/org.glassfish.jaxb/jaxb-runtime@4.0.6?type=jar",
      "dependsOn" : [
        "pkg:maven/org.glassfish.jaxb/jaxb-core@4.0.6?type=jar"
      ]
    },
    {
      "ref" : "pkg:maven/org.glassfish.jaxb/jaxb-core@4.0.6?type=jar",
      "dependsOn" : [
        "pkg:maven/jakarta.xml.bind/jakarta.xml.bind-api@4.0.4?type=jar",
        "pkg:maven/jakarta.activation/jakarta.activation-api@2.1.4?type=jar",
        "pkg:maven/org.eclipse.angus/angus-activation@2.0.3?type=jar",
        "pkg:maven/org.glassfish.jaxb/txw2@4.0.6?type=jar",
        "pkg:maven/com.sun.istack/istack-commons-runtime@4.1.2?type=jar"
      ]
    },
    {
      "ref" : "pkg:maven/org.eclipse.angus/angus-activation@2.0.3?type=jar",
      "dependsOn" : [
        "pkg:maven/jakarta.activation/jakarta.activation-api@2.1.4?type=jar"
      ]
    },
    {
      "ref" : "pkg:maven/org.glassfish.jaxb/txw2@4.0.6?type=jar",
      "dependsOn" : [ ]
    },
    {
      "ref" : "pkg:maven/com.sun.istack/istack-commons-runtime@4.1.2?type=jar",
      "dependsOn" : [ ]
    },
    {
      "ref" : "pkg:maven/jakarta.inject/jakarta.inject-api@2.0.1?type=jar",
      "dependsOn" : [ ]
    },
    {
      "ref" : "pkg:maven/org.antlr/antlr4-runtime@4.13.0?type=jar",
      "dependsOn" : [ ]
    },
    {
      "ref" : "pkg:maven/org.springframework.data/spring-data-jpa@3.3.15?type=jar",
      "dependsOn" : [
        "pkg:maven/org.springframework.data/spring-data-commons@3.3.15?type=jar",
        "pkg:maven/org.springframework/spring-orm@6.1.24?type=jar",
        "pkg:maven/org.springframework/spring-context@6.1.24?type=jar",
        "pkg:maven/org.springframework/spring-aop@6.1.24?type=jar",
        "pkg:maven/org.springframework/spring-tx@6.1.24?type=jar",
        "pkg:maven/org.springframework/spring-beans@6.1.24?type=jar",
        "pkg:maven/org.springframework/spring-core@6.1.24?type=jar",
        "pkg:maven/org.antlr/antlr4-runtime@4.13.0?type=jar",
        "pkg:maven/jakarta.annotation/jakarta.annotation-api@2.1.1?type=jar",
        "pkg:maven/org.slf4j/slf4j-api@2.0.17?type=jar"
      ]
    },
    {
      "ref" : "pkg:maven/org.springframework.data/spring-data-commons@3.3.15?type=jar",
      "dependsOn" : [
        "pkg:maven/org.springframework/spring-core@6.1.24?type=jar",
        "pkg:maven/org.springframework/spring-beans@6.1.24?type=jar",
        "pkg:maven/org.slf4j/slf4j-api@2.0.17?type=jar"
      ]
    },
    {
      "ref" : "pkg:maven/org.springframework/spring-orm@6.1.24?type=jar",
      "dependsOn" : [
        "pkg:maven/org.springframework/spring-beans@6.1.24?type=jar",
        "pkg:maven/org.springframework/spring-core@6.1.24?type=jar",
        "pkg:maven/org.springframework/spring-jdbc@6.1.24?type=jar",
        "pkg:maven/org.springframework/spring-tx@6.1.24?type=jar"
      ]
    },
    {
      "ref" : "pkg:maven/org.springframework/spring-aspects@6.1.24?type=jar",
      "dependsOn" : [
        "pkg:maven/org.aspectj/aspectjweaver@1.9.25?type=jar"
      ]
    },
    {
      "ref" : "pkg:maven/org.springframework.boot/spring-boot-starter-web@3.3.16?type=jar",
      "dependsOn" : [
        "pkg:maven/org.springframework.boot/spring-boot-starter@3.3.16?type=jar",
        "pkg:maven/org.springframework.boot/spring-boot-starter-json@3.3.16?type=jar",
        "pkg:maven/org.springframework.boot/spring-boot-starter-tomcat@3.3.16?type=jar",
        "pkg:maven/org.springframework/spring-web@6.1.24?type=jar",
        "pkg:maven/org.springframework/spring-webmvc@6.1.24?type=jar"
      ]
    },
    {
      "ref" : "pkg:maven/org.springframework.boot/spring-boot-starter-json@3.3.16?type=jar",
      "dependsOn" : [
        "pkg:maven/org.springframework.boot/spring-boot-starter@3.3.16?type=jar",
        "pkg:maven/org.springframework/spring-web@6.1.24?type=jar",
        "pkg:maven/com.fasterxml.jackson.core/jackson-databind@2.17.3?type=jar",
        "pkg:maven/com.fasterxml.jackson.datatype/jackson-datatype-jdk8@2.17.3?type=jar",
        "pkg:maven/com.fasterxml.jackson.datatype/jackson-datatype-jsr310@2.17.3?type=jar",
        "pkg:maven/com.fasterxml.jackson.module/jackson-module-parameter-names@2.17.3?type=jar"
      ]
    },
    {
      "ref" : "pkg:maven/org.springframework/spring-web@6.1.24?type=jar",
      "dependsOn" : [
        "pkg:maven/org.springframework/spring-beans@6.1.24?type=jar",
        "pkg:maven/org.springframework/spring-core@6.1.24?type=jar",
        "pkg:maven/io.micrometer/micrometer-observation@1.13.17?type=jar"
      ]
    },
    {
      "ref" : "pkg:maven/com.fasterxml.jackson.datatype/jackson-datatype-jdk8@2.17.3?type=jar",
      "dependsOn" : [
        "pkg:maven/com.fasterxml.jackson.core/jackson-core@2.17.3?type=jar",
        "pkg:maven/com.fasterxml.jackson.core/jackson-databind@2.17.3?type=jar"
      ]
    },
    {
      "ref" : "pkg:maven/com.fasterxml.jackson.module/jackson-module-parameter-names@2.17.3?type=jar",
      "dependsOn" : [
        "pkg:maven/com.fasterxml.jackson.core/jackson-core@2.17.3?type=jar",
        "pkg:maven/com.fasterxml.jackson.core/jackson-databind@2.17.3?type=jar"
      ]
    },
    {
      "ref" : "pkg:maven/org.springframework.boot/spring-boot-starter-tomcat@3.3.16?type=jar",
      "dependsOn" : [
        "pkg:maven/jakarta.annotation/jakarta.annotation-api@2.1.1?type=jar",
        "pkg:maven/org.apache.tomcat.embed/tomcat-embed-core@10.1.49?type=jar",
        "pkg:maven/org.apache.tomcat.embed/tomcat-embed-el@10.1.49?type=jar",
        "pkg:maven/org.apache.tomcat.embed/tomcat-embed-websocket@10.1.49?type=jar"
      ]
    },
    {
      "ref" : "pkg:maven/org.apache.tomcat.embed/tomcat-embed-core@10.1.49?type=jar",
      "dependsOn" : [ ]
    },
    {
      "ref" : "pkg:maven/org.apache.tomcat.embed/tomcat-embed-el@10.1.49?type=jar",
      "dependsOn" : [ ]
    },
    {
      "ref" : "pkg:maven/org.apache.tomcat.embed/tomcat-embed-websocket@10.1.49?type=jar",
      "dependsOn" : [
        "pkg:maven/org.apache.tomcat.embed/tomcat-embed-core@10.1.49?type=jar"
      ]
    },
    {
      "ref" : "pkg:maven/org.springframework/spring-webmvc@6.1.24?type=jar",
      "dependsOn" : [
        "pkg:maven/org.springframework/spring-aop@6.1.24?type=jar",
        "pkg:maven/org.springframework/spring-beans@6.1.24?type=jar",
        "pkg:maven/org.springframework/spring-context@6.1.24?type=jar",
        "pkg:maven/org.springframework/spring-core@6.1.24?type=jar",
        "pkg:maven/org.springframework/spring-expression@6.1.24?type=jar",
        "pkg:maven/org.springframework/spring-web@6.1.24?type=jar"
      ]
    },
    {
      "ref" : "pkg:maven/org.springframework.boot/spring-boot-starter-validation@3.3.16?type=jar",
      "dependsOn" : [
        "pkg:maven/org.springframework.boot/spring-boot-starter@3.3.16?type=jar",
        "pkg:maven/org.apache.tomcat.embed/tomcat-embed-el@10.1.49?type=jar",
        "pkg:maven/org.hibernate.validator/hibernate-validator@8.0.3.Final?type=jar"
      ]
    },
    {
      "ref" : "pkg:maven/org.hibernate.validator/hibernate-validator@8.0.3.Final?type=jar",
      "dependsOn" : [
        "pkg:maven/jakarta.validation/jakarta.validation-api@3.0.2?type=jar",
        "pkg:maven/org.jboss.logging/jboss-logging@3.5.3.Final?type=jar",
        "pkg:maven/com.fasterxml/classmate@1.7.1?type=jar"
      ]
    },
    {
      "ref" : "pkg:maven/jakarta.validation/jakarta.validation-api@3.0.2?type=jar",
      "dependsOn" : [ ]
    },
    {
      "ref" : "pkg:maven/org.springframework.boot/spring-boot-starter-thymeleaf@3.3.16?type=jar",
      "dependsOn" : [
        "pkg:maven/org.springframework.boot/spring-boot-starter@3.3.16?type=jar",
        "pkg:maven/org.thymeleaf/thymeleaf-spring6@3.1.3.RELEASE?type=jar"
      ]
    },
    {
      "ref" : "pkg:maven/org.thymeleaf/thymeleaf-spring6@3.1.3.RELEASE?type=jar",
      "dependsOn" : [
        "pkg:maven/org.thymeleaf/thymeleaf@3.1.3.RELEASE?type=jar",
        "pkg:maven/org.slf4j/slf4j-api@2.0.17?type=jar"
      ]
    },
    {
      "ref" : "pkg:maven/org.thymeleaf/thymeleaf@3.1.3.RELEASE?type=jar",
      "dependsOn" : [
        "pkg:maven/org.attoparser/attoparser@2.0.7.RELEASE?type=jar",
        "pkg:maven/org.unbescape/unbescape@1.1.6.RELEASE?type=jar",
        "pkg:maven/org.slf4j/slf4j-api@2.0.17?type=jar"
      ]
    },
    {
      "ref" : "pkg:maven/org.attoparser/attoparser@2.0.7.RELEASE?type=jar",
      "dependsOn" : [ ]
    },
    {
      "ref" : "pkg:maven/org.unbescape/unbescape@1.1.6.RELEASE?type=jar",
      "dependsOn" : [ ]
    },
    {
      "ref" : "pkg:maven/org.springframework.boot/spring-boot-starter-test@3.3.16?type=jar",
      "dependsOn" : [
        "pkg:maven/org.springframework.boot/spring-boot-starter@3.3.16?type=jar",
        "pkg:maven/org.springframework.boot/spring-boot-test@3.3.16?type=jar",
        "pkg:maven/org.springframework.boot/spring-boot-test-autoconfigure@3.3.16?type=jar",
        "pkg:maven/com.jayway.jsonpath/json-path@2.9.0?type=jar",
        "pkg:maven/jakarta.xml.bind/jakarta.xml.bind-api@4.0.4?type=jar",
        "pkg:maven/net.minidev/json-smart@2.5.2?type=jar",
        "pkg:maven/org.assertj/assertj-core@3.25.3?type=jar",
        "pkg:maven/org.awaitility/awaitility@4.2.2?type=jar",
        "pkg:maven/org.hamcrest/hamcrest@2.2?type=jar",
        "pkg:maven/org.junit.jupiter/junit-jupiter@5.10.5?type=jar",
        "pkg:maven/org.mockito/mockito-core@5.11.0?type=jar",
        "pkg:maven/org.mockito/mockito-junit-jupiter@5.11.0?type=jar",
        "pkg:maven/org.skyscreamer/jsonassert@1.5.3?type=jar",
        "pkg:maven/org.springframework/spring-core@6.1.24?type=jar",
        "pkg:maven/org.springframework/spring-test@6.1.24?type=jar",
        "pkg:maven/org.xmlunit/xmlunit-core@2.9.1?type=jar"
      ]
    },
    {
      "ref" : "pkg:maven/org.springframework.boot/spring-boot-test@3.3.16?type=jar",
      "dependsOn" : [
        "pkg:maven/org.springframework.boot/spring-boot@3.3.16?type=jar",
        "pkg:maven/org.springframework/spring-test@6.1.24?type=jar"
      ]
    },
    {
      "ref" : "pkg:maven/org.springframework/spring-test@6.1.24?type=jar",
      "dependsOn" : [
        "pkg:maven/org.springframework/spring-core@6.1.24?type=jar"
      ]
    },
    {
      "ref" : "pkg:maven/org.springframework.boot/spring-boot-test-autoconfigure@3.3.16?type=jar",
      "dependsOn" : [
        "pkg:maven/org.springframework.boot/spring-boot@3.3.16?type=jar",
        "pkg:maven/org.springframework.boot/spring-boot-test@3.3.16?type=jar",
        "pkg:maven/org.springframework.boot/spring-boot-autoconfigure@3.3.16?type=jar"
      ]
    },
    {
      "ref" : "pkg:maven/com.jayway.jsonpath/json-path@2.9.0?type=jar",
      "dependsOn" : [
        "pkg:maven/net.minidev/json-smart@2.5.2?type=jar",
        "pkg:maven/org.slf4j/slf4j-api@2.0.17?type=jar"
      ]
    },
    {
      "ref" : "pkg:maven/net.minidev/json-smart@2.5.2?type=jar",
      "dependsOn" : [
        "pkg:maven/net.minidev/accessors-smart@2.5.2?type=jar"
      ]
    },
    {
      "ref" : "pkg:maven/net.minidev/accessors-smart@2.5.2?type=jar",
      "dependsOn" : [
        "pkg:maven/org.ow2.asm/asm@9.7.1?type=jar"
      ]
    },
    {
      "ref" : "pkg:maven/org.ow2.asm/asm@9.7.1?type=jar",
      "dependsOn" : [ ]
    },
    {
      "ref" : "pkg:maven/org.assertj/assertj-core@3.25.3?type=jar",
      "dependsOn" : [
        "pkg:maven/net.bytebuddy/byte-buddy@1.14.19?type=jar"
      ]
    },
    {
      "ref" : "pkg:maven/org.awaitility/awaitility@4.2.2?type=jar",
      "dependsOn" : [
        "pkg:maven/org.hamcrest/hamcrest@2.2?type=jar"
      ]
    },
    {
      "ref" : "pkg:maven/org.hamcrest/hamcrest@2.2?type=jar",
      "dependsOn" : [ ]
    },
    {
      "ref" : "pkg:maven/org.junit.jupiter/junit-jupiter@5.10.5?type=jar",
      "dependsOn" : [
        "pkg:maven/org.junit.jupiter/junit-jupiter-api@5.10.5?type=jar",
        "pkg:maven/org.junit.jupiter/junit-jupiter-params@5.10.5?type=jar",
        "pkg:maven/org.junit.jupiter/junit-jupiter-engine@5.10.5?type=jar"
      ]
    },
    {
      "ref" : "pkg:maven/org.junit.jupiter/junit-jupiter-api@5.10.5?type=jar",
      "dependsOn" : [
        "pkg:maven/org.opentest4j/opentest4j@1.3.0?type=jar",
        "pkg:maven/org.junit.platform/junit-platform-commons@1.10.5?type=jar",
        "pkg:maven/org.apiguardian/apiguardian-api@1.1.2?type=jar"
      ]
    },
    {
      "ref" : "pkg:maven/org.opentest4j/opentest4j@1.3.0?type=jar",
      "dependsOn" : [ ]
    },
    {
      "ref" : "pkg:maven/org.junit.platform/junit-platform-commons@1.10.5?type=jar",
      "dependsOn" : [
        "pkg:maven/org.apiguardian/apiguardian-api@1.1.2?type=jar"
      ]
    },
    {
      "ref" : "pkg:maven/org.apiguardian/apiguardian-api@1.1.2?type=jar",
      "dependsOn" : [ ]
    },
    {
      "ref" : "pkg:maven/org.junit.jupiter/junit-jupiter-params@5.10.5?type=jar",
      "dependsOn" : [
        "pkg:maven/org.junit.jupiter/junit-jupiter-api@5.10.5?type=jar",
        "pkg:maven/org.apiguardian/apiguardian-api@1.1.2?type=jar"
      ]
    },
    {
      "ref" : "pkg:maven/org.junit.jupiter/junit-jupiter-engine@5.10.5?type=jar",
      "dependsOn" : [
        "pkg:maven/org.junit.platform/junit-platform-engine@1.10.5?type=jar",
        "pkg:maven/org.junit.jupiter/junit-jupiter-api@5.10.5?type=jar",
        "pkg:maven/org.apiguardian/apiguardian-api@1.1.2?type=jar"
      ]
    },
    {
      "ref" : "pkg:maven/org.junit.platform/junit-platform-engine@1.10.5?type=jar",
      "dependsOn" : [
        "pkg:maven/org.opentest4j/opentest4j@1.3.0?type=jar",
        "pkg:maven/org.junit.platform/junit-platform-commons@1.10.5?type=jar",
        "pkg:maven/org.apiguardian/apiguardian-api@1.1.2?type=jar"
      ]
    },
    {
      "ref" : "pkg:maven/org.mockito/mockito-core@5.11.0?type=jar",
      "dependsOn" : [
        "pkg:maven/net.bytebuddy/byte-buddy@1.14.19?type=jar",
        "pkg:maven/net.bytebuddy/byte-buddy-agent@1.14.19?type=jar",
        "pkg:maven/org.objenesis/objenesis@3.3?type=jar"
      ]
    },
    {
      "ref" : "pkg:maven/net.bytebuddy/byte-buddy-agent@1.14.19?type=jar",
      "dependsOn" : [ ]
    },
    {
      "ref" : "pkg:maven/org.objenesis/objenesis@3.3?type=jar",
      "dependsOn" : [ ]
    },
    {
      "ref" : "pkg:maven/org.mockito/mockito-junit-jupiter@5.11.0?type=jar",
      "dependsOn" : [
        "pkg:maven/org.mockito/mockito-core@5.11.0?type=jar",
        "pkg:maven/org.junit.jupiter/junit-jupiter-api@5.10.5?type=jar"
      ]
    },
    {
      "ref" : "pkg:maven/org.skyscreamer/jsonassert@1.5.3?type=jar",
      "dependsOn" : [
        "pkg:maven/com.vaadin.external.google/android-json@0.0.20131108.vaadin1?type=jar"
      ]
    },
    {
      "ref" : "pkg:maven/com.vaadin.external.google/android-json@0.0.20131108.vaadin1?type=jar",
      "dependsOn" : [ ]
    },
    {
      "ref" : "pkg:maven/org.xmlunit/xmlunit-core@2.9.1?type=jar",
      "dependsOn" : [
        "pkg:maven/jakarta.xml.bind/jakarta.xml.bind-api@4.0.4?type=jar"
      ]
    },
    {
      "ref" : "pkg:maven/com.h2database/h2@2.2.224?type=jar",
      "dependsOn" : [ ]
    },
    {
      "ref" : "pkg:maven/com.mysql/mysql-connector-j@8.3.0?type=jar",
      "dependsOn" : [ ]
    },
    {
      "ref" : "pkg:maven/org.postgresql/postgresql@42.7.8?type=jar",
      "dependsOn" : [
        "pkg:maven/org.checkerframework/checker-qual@3.49.5?type=jar"
      ]
    },
    {
      "ref" : "pkg:maven/org.checkerframework/checker-qual@3.49.5?type=jar",
      "dependsOn" : [ ]
    },
    {
      "ref" : "pkg:maven/javax.cache/cache-api@1.1.1?type=jar",
      "dependsOn" : [ ]
    },
    {
      "ref" : "pkg:maven/org.ehcache/ehcache@3.10.9?classifier=jakarta&type=jar",
      "dependsOn" : [
        "pkg:maven/javax.cache/cache-api@1.1.1?type=jar",
        "pkg:maven/org.slf4j/slf4j-api@2.0.17?type=jar",
        "pkg:maven/org.glassfish.jaxb/jaxb-runtime@4.0.6?type=jar"
      ]
    },
    {
      "ref" : "pkg:maven/org.webjars.npm/bootstrap@5.1.3?type=jar",
      "dependsOn" : [ ]
    },
    {
      "ref" : "pkg:maven/org.webjars.npm/font-awesome@4.7.0?type=jar",
      "dependsOn" : [ ]
    },
    {
      "ref" : "pkg:maven/org.springframework.boot/spring-boot-devtools@3.3.16?type=jar",
      "dependsOn" : [
        "pkg:maven/org.springframework.boot/spring-boot@3.3.16?type=jar",
        "pkg:maven/org.springframework.boot/spring-boot-autoconfigure@3.3.16?type=jar"
      ]
    }
  ]
},
  "git-metadata" : {
    "repository-url" : "https://github.com/Eknathreddy09/spring-petclinic-appadvisor",
    "commit" : {
      "sha" : "92a7076caf35858b1899f3eb360e810cd302c4e6",
      "refs" : [ "HEAD", "refs/heads/main", "refs/remotes/origin/main" ],
      "time" : 1786441680000
    }
  },
  "tools" : [ {
    "name" : "mvnw",
    "version" : "3.8.1"
  }, {
    "name" : "java",
    "version" : "21"
  } ]
}
$========= [ build-config.json ] =========


